driver_id,archetype,driver_age,vehicle_value,annual_mileage,hard_braking_per_100mi,rapid_accel_per_100mi,speeding_pct,phone_distraction_min_hr,harsh_cornering_per_100mi,night_driving_pct,driving_score,risk_tier,traditional_premium,dynamic_ubi_premium,annual_savings,discount_pct,has_claim,claim_amount
DRV-1001,Night Shift Worker,25,18953.0,14708.0,1.59,1.17,4.5,3.0,1.65,52.7,83.0,Low Risk (Preferred),1002.33,891.84,110.49,11.0,0,0.0
DRV-1002,Safe Commuter,29,40764.0,11806.0,1.09,1.03,2.5,0.9,0.42,6.3,98.7,Elite Safe (Top 15%),1648.92,1185.86,463.06,28.1,0,0.0
DRV-1003,Low-Mileage Weekend Driver,49,42214.0,4044.0,2.14,1.0,2.4,1.0,1.35,6.6,93.4,Elite Safe (Top 15%),1686.81,1147.32,539.49,32.0,0,0.0
DRV-1004,Low-Mileage Weekend Driver,56,37838.0,3776.0,1.21,1.35,5.5,1.4,0.69,3.4,95.9,Elite Safe (Top 15%),1570.99,1061.04,509.95,32.5,0,0.0
DRV-1005,Aggressive Speedster,32,26009.0,15862.0,4.9,4.97,36.6,6.2,4.8,18.6,37.8,High Risk (Non-Standard),1231.26,1574.92,-343.66,-27.9,0,0.0
DRV-1006,Night Shift Worker,34,27728.0,13671.0,1.59,1.55,5.3,3.4,1.83,41.6,80.5,Low Risk (Preferred),1283.56,1138.98,144.58,11.3,0,0.0
DRV-1007,Safe Commuter,30,32977.0,13025.0,0.74,0.46,4.2,1.1,0.77,3.1,98.9,Elite Safe (Top 15%),1436.67,1060.12,376.55,26.2,0,0.0
DRV-1008,Night Shift Worker,33,24580.0,12324.0,1.59,1.67,5.3,2.7,2.08,47.0,81.1,Low Risk (Preferred),1186.86,1014.27,172.59,14.5,0,0.0
DRV-1009,Low-Mileage Weekend Driver,37,35877.0,6145.0,2.01,0.78,2.6,2.0,1.1,5.3,93.1,Elite Safe (Top 15%),1517.58,1049.26,468.32,30.9,0,0.0
DRV-1010,Safe Commuter,28,22745.0,12401.0,0.43,1.2,3.6,1.4,0.47,3.5,98.4,Elite Safe (Top 15%),1128.49,825.15,303.34,26.9,1,6177.95
DRV-1011,Distracted Urbanite,37,29217.0,13810.0,5.18,2.74,14.3,13.7,3.77,10.0,43.6,High Risk (Non-Standard),1327.96,1553.59,-225.63,-17.0,0,0.0
DRV-1012,Aggressive Speedster,27,25184.0,21348.0,6.9,5.71,24.6,6.2,6.46,28.7,30.8,High Risk (Non-Standard),1205.73,1832.47,-626.74,-52.0,0,0.0
DRV-1013,Night Shift Worker,29,34494.0,11428.0,1.98,1.08,7.8,3.0,1.15,49.3,80.1,Low Risk (Preferred),1479.29,1246.7,232.59,15.7,0,0.0
DRV-1014,Aggressive Speedster,25,29203.0,21715.0,8.22,6.64,37.9,8.3,4.88,26.4,27.0,High Risk (Non-Standard),1327.54,2082.14,-754.6,-56.8,0,0.0
DRV-1015,Low-Mileage Weekend Driver,47,24868.0,4286.0,1.27,1.31,2.9,1.2,0.57,6.8,96.9,Elite Safe (Top 15%),1195.88,795.62,400.26,33.5,0,0.0
DRV-1016,Aggressive Speedster,20,25290.0,18113.0,5.61,5.7,34.4,8.3,6.18,24.8,28.4,High Risk (Non-Standard),1994.9,2856.76,-861.86,-43.2,0,0.0
DRV-1017,Low-Mileage Weekend Driver,38,20953.0,3839.0,1.4,1.11,3.9,2.0,1.17,8.9,93.1,Elite Safe (Top 15%),1069.87,731.29,338.58,31.6,0,0.0
DRV-1018,Safe Commuter,34,31294.0,10243.0,0.51,0.8,2.5,0.6,0.4,6.6,99.0,Elite Safe (Top 15%),1388.58,959.87,428.71,30.9,0,0.0
DRV-1019,Night Shift Worker,27,32441.0,14261.0,2.06,1.02,4.5,3.0,1.28,47.2,82.1,Low Risk (Preferred),1421.45,1261.57,159.88,11.2,0,0.0
DRV-1020,Aggressive Speedster,21,47863.0,17032.0,8.44,4.93,40.0,6.7,4.94,31.3,29.9,High Risk (Non-Standard),2470.89,3416.11,-945.22,-38.3,0,0.0
DRV-1021,Distracted Urbanite,25,32304.0,10949.0,4.22,2.63,15.4,7.5,3.28,8.5,56.6,Elevated Risk (Substandard),1417.54,1408.85,8.69,0.6,0,0.0
DRV-1022,Low-Mileage Weekend Driver,35,44709.0,6863.0,0.91,0.82,4.4,1.9,0.74,3.7,97.3,Elite Safe (Top 15%),1750.96,1186.92,564.04,32.2,0,0.0
DRV-1023,Night Shift Worker,29,29874.0,13096.0,2.13,1.63,8.7,1.9,1.86,42.2,78.4,Low Risk (Preferred),1347.29,1200.1,147.19,10.9,0,0.0
DRV-1024,Safe Commuter,48,33177.0,13645.0,1.33,0.41,3.2,1.1,0.28,4.7,98.1,Elite Safe (Top 15%),1442.33,1087.77,354.56,24.6,0,0.0
DRV-1025,Safe Commuter,32,37619.0,13396.0,0.71,0.54,3.9,1.3,0.69,6.9,97.7,Elite Safe (Top 15%),1565.07,1178.5,386.57,24.7,1,7935.12
DRV-1026,Safe Commuter,34,39528.0,13695.0,0.45,0.5,1.4,1.1,0.42,5.0,99.4,Elite Safe (Top 15%),1616.25,1204.43,411.82,25.5,0,0.0
DRV-1027,Night Shift Worker,40,28007.0,13527.0,1.6,2.09,4.3,2.8,2.0,36.3,80.9,Low Risk (Preferred),1291.94,1138.61,153.33,11.9,0,0.0
DRV-1028,Aggressive Speedster,21,34368.0,19930.0,6.71,5.5,22.2,4.5,6.18,30.4,35.7,High Risk (Non-Standard),1992.3,2844.21,-851.91,-42.8,0,0.0
DRV-1029,Night Shift Worker,33,38462.0,13149.0,1.27,1.44,8.7,3.4,1.05,45.7,81.1,Low Risk (Preferred),1587.78,1384.37,203.41,12.8,0,0.0
DRV-1030,Low-Mileage Weekend Driver,67,42323.0,6594.0,1.37,1.34,2.6,2.4,1.36,8.9,92.4,Elite Safe (Top 15%),1689.64,1180.88,508.76,30.1,0,0.0
DRV-1031,Safe Commuter,49,29476.0,12912.0,0.75,1.0,3.6,0.6,0.33,5.5,99.0,Elite Safe (Top 15%),1335.6,982.06,353.54,26.5,0,0.0
DRV-1032,Low-Mileage Weekend Driver,44,27848.0,6358.0,1.44,0.97,5.2,1.2,0.52,4.2,96.2,Elite Safe (Top 15%),1287.17,874.44,412.73,32.1,0,0.0
DRV-1033,Aggressive Speedster,23,25836.0,16809.0,6.54,6.38,41.4,6.0,3.87,29.9,33.1,High Risk (Non-Standard),1655.01,2231.56,-576.55,-34.8,0,0.0
DRV-1034,Aggressive Speedster,19,35298.0,14867.0,6.24,6.55,29.2,7.6,5.18,21.5,29.3,High Risk (Non-Standard),2477.66,3255.96,-778.3,-31.4,0,0.0
DRV-1035,Distracted Urbanite,21,46466.0,12600.0,6.16,4.08,17.4,12.9,2.99,12.3,36.0,High Risk (Non-Standard),2423.77,2880.59,-456.82,-18.8,0,0.0
DRV-1036,Night Shift Worker,31,30613.0,14599.0,1.68,1.37,6.0,2.3,1.35,38.8,82.9,Low Risk (Preferred),1368.86,1215.97,152.89,11.2,0,0.0
DRV-1037,Night Shift Worker,35,37641.0,14078.0,1.68,1.66,4.0,2.1,1.52,52.4,83.9,Low Risk (Preferred),1565.67,1362.08,203.59,13.0,0,0.0
DRV-1038,Low-Mileage Weekend Driver,45,36578.0,5289.0,1.91,1.75,4.9,1.9,0.78,7.0,90.7,Elite Safe (Top 15%),1536.79,1064.92,471.87,30.7,0,0.0
DRV-1039,Aggressive Speedster,22,20185.0,19382.0,5.4,4.7,22.6,5.5,5.08,29.4,36.6,High Risk (Non-Standard),1409.69,1976.12,-566.43,-40.2,0,0.0
DRV-1040,Night Shift Worker,36,44564.0,14592.0,1.81,1.48,4.7,2.9,2.07,60.8,80.7,Low Risk (Preferred),1747.27,1581.74,165.53,9.5,0,0.0
DRV-1041,Safe Commuter,61,34768.0,11323.0,0.91,1.23,1.4,0.4,0.57,4.7,99.3,Elite Safe (Top 15%),1486.92,1051.24,435.68,29.3,0,0.0
DRV-1042,Distracted Urbanite,35,32240.0,13063.0,5.87,3.66,16.3,11.4,4.74,15.4,34.8,High Risk (Non-Standard),1415.72,1716.24,-300.52,-21.2,0,0.0
DRV-1043,Safe Commuter,45,27591.0,12829.0,0.87,0.96,2.0,0.3,0.43,3.4,100.0,Elite Safe (Top 15%),1279.44,929.64,349.8,27.3,0,0.0
DRV-1044,Safe Commuter,42,42987.0,10915.0,0.47,0.59,2.5,0.7,0.57,2.3,100.0,Elite Safe (Top 15%),1706.83,1187.09,519.74,30.5,0,0.0
DRV-1045,Distracted Urbanite,21,46603.0,14284.0,6.03,3.37,8.1,9.8,4.38,16.5,44.0,High Risk (Non-Standard),2428.42,2868.49,-440.07,-18.1,0,0.0
DRV-1046,Distracted Urbanite,38,41944.0,13999.0,6.46,3.62,10.7,10.9,3.47,14.7,42.0,High Risk (Non-Standard),1679.79,1995.33,-315.54,-18.8,0,0.0
DRV-1047,Distracted Urbanite,25,44006.0,14904.0,5.26,4.59,13.9,12.3,2.71,12.3,41.1,High Risk (Non-Standard),1733.02,2119.03,-386.01,-22.3,0,0.0
DRV-1048,Safe Commuter,48,20457.0,10058.0,0.66,1.09,2.3,1.4,0.87,3.3,99.0,Elite Safe (Top 15%),1053.34,724.92,328.42,31.2,1,4056.12
DRV-1049,Aggressive Speedster,24,36640.0,15794.0,4.77,7.35,22.9,4.2,4.47,29.3,41.6,High Risk (Non-Standard),2076.95,2588.44,-511.49,-24.6,0,0.0
DRV-1050,Low-Mileage Weekend Driver,39,21436.0,5474.0,1.11,1.44,5.1,1.1,1.11,7.5,95.0,Elite Safe (Top 15%),1085.83,735.54,350.29,32.3,0,0.0
DRV-1051,Aggressive Speedster,20,35763.0,18629.0,8.22,6.02,42.9,6.3,6.34,18.4,32.9,High Risk (Non-Standard),2498.83,3523.69,-1024.86,-41.0,0,0.0
DRV-1052,Safe Commuter,47,29117.0,13251.0,0.96,0.51,4.4,1.5,0.48,4.1,98.0,Elite Safe (Top 15%),1325.0,991.54,333.46,25.2,0,0.0
DRV-1053,Safe Commuter,54,40014.0,13112.0,0.42,1.26,3.2,1.5,0.77,4.2,98.3,Elite Safe (Top 15%),1629.14,1211.72,417.42,25.6,0,0.0
DRV-1054,Safe Commuter,62,26368.0,12873.0,0.81,1.14,3.1,0.7,0.4,6.7,98.6,Elite Safe (Top 15%),1242.28,916.3,325.98,26.2,0,0.0
DRV-1055,Distracted Urbanite,33,35885.0,11682.0,5.13,3.25,12.9,9.8,3.15,10.8,48.7,Elevated Risk (Substandard),1517.8,1623.12,-105.32,-6.9,0,0.0
DRV-1056,Night Shift Worker,36,41788.0,11428.0,2.35,1.59,7.8,2.9,1.78,49.7,76.6,Low Risk (Preferred),1675.73,1453.21,222.52,13.3,0,0.0
DRV-1057,Safe Commuter,43,39086.0,10531.0,0.94,0.83,2.9,0.9,0.8,3.7,100.0,Elite Safe (Top 15%),1604.48,1105.89,498.59,31.1,0,0.0
DRV-1058,Safe Commuter,35,26295.0,12606.0,0.65,1.07,4.3,1.3,0.35,5.7,97.7,Elite Safe (Top 15%),1240.05,917.28,322.77,26.0,0,0.0
DRV-1059,Distracted Urbanite,30,19365.0,14903.0,6.25,3.18,11.6,9.4,4.27,9.3,45.5,Elevated Risk (Substandard),1016.44,1207.7,-191.26,-18.8,1,2251.12
DRV-1060,Aggressive Speedster,29,19541.0,20948.0,6.46,7.05,35.2,6.8,4.99,18.1,32.1,High Risk (Non-Standard),1022.43,1527.72,-505.29,-49.4,0,0.0
DRV-1061,Low-Mileage Weekend Driver,36,47818.0,4902.0,0.9,1.36,2.2,1.1,1.06,4.8,98.3,Elite Safe (Top 15%),1829.17,1207.86,621.31,34.0,0,0.0
DRV-1062,Distracted Urbanite,28,19807.0,13878.0,4.76,4.59,11.0,11.7,3.57,13.7,43.5,High Risk (Non-Standard),1031.46,1209.63,-178.17,-17.3,0,0.0
DRV-1063,Safe Commuter,41,38681.0,12128.0,0.59,0.47,1.8,1.1,0.33,4.0,99.8,Elite Safe (Top 15%),1593.65,1142.07,451.58,28.3,0,0.0
DRV-1064,Safe Commuter,46,37835.0,12535.0,1.07,0.81,3.4,1.7,0.83,5.1,97.7,Elite Safe (Top 15%),1570.91,1160.14,410.77,26.1,0,0.0
DRV-1065,Low-Mileage Weekend Driver,66,42727.0,4287.0,1.01,0.92,2.6,0.9,1.29,6.6,98.0,Elite Safe (Top 15%),1700.11,1124.66,575.45,33.8,0,0.0
DRV-1066,Low-Mileage Weekend Driver,61,30961.0,5910.0,1.78,1.73,4.0,1.6,0.58,3.2,93.6,Elite Safe (Top 15%),1378.95,947.38,431.57,31.3,0,0.0
DRV-1067,Safe Commuter,33,35287.0,10145.0,1.04,1.17,3.1,0.2,0.81,6.1,98.6,Elite Safe (Top 15%),1501.31,1039.37,461.94,30.8,0,0.0
DRV-1068,Safe Commuter,61,28439.0,12258.0,1.31,0.56,3.0,1.2,0.59,2.5,98.4,Elite Safe (Top 15%),1304.86,951.01,353.85,27.1,0,0.0
DRV-1069,Night Shift Worker,34,27436.0,12649.0,2.31,1.35,8.7,3.1,1.66,48.6,76.5,Low Risk (Preferred),1274.76,1140.81,133.95,10.5,0,0.0
DRV-1070,Aggressive Speedster,25,36679.0,20919.0,7.8,4.0,42.0,6.8,3.95,23.8,33.9,High Risk (Non-Standard),1539.54,2272.99,-733.45,-47.6,0,0.0
DRV-1071,Low-Mileage Weekend Driver,35,36266.0,4212.0,1.57,1.71,3.8,2.0,0.62,8.8,92.1,Elite Safe (Top 15%),1528.25,1043.28,484.97,31.7,0,0.0
DRV-1072,Safe Commuter,28,32951.0,11761.0,0.4,1.29,4.2,0.9,0.29,6.2,97.7,Elite Safe (Top 15%),1435.94,1041.76,394.18,27.5,0,0.0
DRV-1073,Low-Mileage Weekend Driver,49,40389.0,4954.0,1.48,1.17,3.8,1.0,0.69,6.6,96.2,Elite Safe (Top 15%),1639.05,1095.77,543.28,33.1,0,0.0
DRV-1074,Safe Commuter,54,37798.0,10699.0,1.17,0.64,1.0,1.4,0.87,4.9,98.1,Elite Safe (Top 15%),1569.91,1106.63,463.28,29.5,0,0.0
DRV-1075,Low-Mileage Weekend Driver,62,35154.0,4708.0,1.57,1.25,3.8,1.3,0.69,7.2,94.9,Elite Safe (Top 15%),1497.63,1005.58,492.05,32.9,0,0.0
DRV-1076,Distracted Urbanite,22,22563.0,11591.0,5.06,4.6,11.8,14.9,4.48,14.5,39.2,High Risk (Non-Standard),1515.52,1717.78,-202.26,-13.3,0,0.0
DRV-1077,Safe Commuter,49,37643.0,13349.0,1.26,0.8,2.8,0.9,0.78,4.0,99.0,Elite Safe (Top 15%),1565.72,1162.56,403.16,25.7,0,0.0
DRV-1078,Low-Mileage Weekend Driver,48,27500.0,4685.0,1.77,1.38,5.4,2.2,1.36,5.3,90.7,Elite Safe (Top 15%),1276.69,876.48,400.21,31.3,0,0.0
DRV-1079,Distracted Urbanite,38,20953.0,10179.0,3.73,3.95,17.2,15.0,4.37,12.3,42.9,High Risk (Non-Standard),1069.87,1138.74,-68.87,-6.4,0,0.0
DRV-1080,Aggressive Speedster,26,25326.0,15331.0,5.7,4.1,29.5,4.3,4.77,22.3,38.5,High Risk (Non-Standard),1210.15,1520.74,-310.59,-25.7,0,0.0
DRV-1081,Night Shift Worker,35,31834.0,11850.0,1.33,2.05,7.1,2.0,2.1,39.3,81.3,Low Risk (Preferred),1404.1,1183.97,220.13,15.7,0,0.0
DRV-1082,Safe Commuter,28,26975.0,13495.0,0.81,0.66,2.9,0.3,0.96,6.9,98.6,Elite Safe (Top 15%),1260.8,942.97,317.83,25.2,0,0.0
DRV-1083,Night Shift Worker,53,47781.0,15227.0,1.52,1.46,6.4,2.0,1.69,52.2,83.0,Low Risk (Preferred),1828.25,1646.16,182.09,10.0,0,0.0
DRV-1084,Aggressive Speedster,29,42985.0,17166.0,4.53,7.03,39.9,9.8,6.26,27.7,29.9,High Risk (Non-Standard),1706.77,2367.41,-660.64,-38.7,0,0.0
DRV-1085,Distracted Urbanite,28,43150.0,13035.0,4.66,3.96,14.2,12.4,4.3,14.6,40.6,High Risk (Non-Standard),1711.03,1999.4,-288.37,-16.9,0,0.0
DRV-1086,Aggressive Speedster,29,30465.0,14315.0,7.65,4.12,30.4,4.8,6.26,20.6,36.5,High Risk (Non-Standard),1364.55,1691.95,-327.4,-24.0,0,0.0
DRV-1087,Distracted Urbanite,32,40397.0,12654.0,6.51,4.41,10.6,13.6,3.7,16.1,37.5,High Risk (Non-Standard),1639.26,1933.15,-293.89,-17.9,0,0.0
DRV-1088,Safe Commuter,32,28973.0,9704.0,1.36,1.17,3.5,1.8,0.97,6.0,95.3,Elite Safe (Top 15%),1320.74,937.17,383.57,29.0,0,0.0
DRV-1089,Safe Commuter,62,38245.0,9618.0,0.71,1.07,1.9,0.8,0.71,3.9,99.9,Elite Safe (Top 15%),1581.95,1074.78,507.17,32.1,0,0.0
DRV-1090,Night Shift Worker,44,22193.0,15576.0,1.55,1.08,8.1,3.3,1.36,47.2,80.7,Low Risk (Preferred),1110.61,1028.43,82.18,7.4,0,0.0
DRV-1091,Safe Commuter,59,34206.0,9581.0,0.56,0.88,2.4,0.8,0.96,5.5,99.1,Elite Safe (Top 15%),1471.25,1006.86,464.39,31.6,0,0.0
DRV-1092,Distracted Urbanite,34,31341.0,13275.0,6.25,3.92,17.4,9.2,4.23,10.2,39.9,High Risk (Non-Standard),1389.93,1641.8,-251.87,-18.1,0,0.0
DRV-1093,Low-Mileage Weekend Driver,55,31642.0,5406.0,2.17,1.03,3.6,1.1,0.62,8.1,93.1,Elite Safe (Top 15%),1398.59,957.39,441.2,31.5,0,0.0
DRV-1094,Night Shift Worker,25,35591.0,11253.0,1.73,2.19,7.9,1.9,2.0,51.6,79.2,Low Risk (Preferred),1509.7,1276.15,233.55,15.5,0,0.0
DRV-1095,Safe Commuter,37,21298.0,12943.0,0.96,0.65,4.4,1.8,0.63,6.0,96.8,Elite Safe (Top 15%),1081.29,813.13,268.16,24.8,0,0.0
DRV-1096,Safe Commuter,50,40370.0,12950.0,0.56,0.69,1.6,0.3,0.79,4.6,99.8,Elite Safe (Top 15%),1638.55,1196.2,442.35,27.0,0,0.0
DRV-1097,Distracted Urbanite,37,27049.0,12968.0,4.99,3.01,14.2,12.8,4.77,14.6,40.3,High Risk (Non-Standard),1263.04,1476.07,-213.03,-16.9,0,0.0
DRV-1098,Safe Commuter,58,22450.0,13236.0,0.77,0.5,3.5,0.9,0.92,3.6,99.4,Elite Safe (Top 15%),1118.95,825.42,293.53,26.2,0,0.0
DRV-1099,Night Shift Worker,44,37641.0,12905.0,2.16,1.35,6.5,2.4,1.95,38.4,79.4,Low Risk (Preferred),1565.67,1376.64,189.03,12.1,0,0.0
DRV-1100,Night Shift Worker,37,27376.0,13150.0,2.62,1.5,8.1,2.3,1.88,44.4,76.4,Low Risk (Preferred),1272.95,1154.24,118.71,9.3,0,0.0
DRV-1101,Aggressive Speedster,29,34691.0,21384.0,4.77,6.91,24.1,4.6,5.79,28.8,39.0,High Risk (Non-Standard),1484.78,2143.05,-658.27,-44.3,0,0.0
DRV-1102,Night Shift Worker,45,26629.0,14350.0,1.86,2.05,8.7,2.3,2.1,36.5,77.5,Low Risk (Preferred),1250.26,1156.3,93.96,7.5,0,0.0
DRV-1103,Safe Commuter,60,35223.0,10064.0,1.02,0.6,1.4,1.6,0.49,5.8,98.1,Elite Safe (Top 15%),1499.54,1041.1,458.44,30.6,0,0.0
DRV-1104,Distracted Urbanite,38,28195.0,10131.0,6.57,4.41,10.7,8.4,4.26,11.1,44.8,High Risk (Non-Standard),1297.57,1362.79,-65.22,-5.0,1,9364.49
DRV-1105,Night Shift Worker,49,22722.0,11348.0,2.39,2.17,4.5,2.6,1.45,48.6,78.9,Low Risk (Preferred),1127.74,957.93,169.81,15.1,0,0.0
DRV-1106,Safe Commuter,33,36212.0,13417.0,0.47,1.08,1.2,0.3,0.55,4.1,99.8,Elite Safe (Top 15%),1526.77,1126.22,400.55,26.2,0,0.0
DRV-1107,Safe Commuter,60,29858.0,9569.0,0.77,0.65,3.4,1.0,0.73,2.2,99.7,Elite Safe (Top 15%),1346.82,916.58,430.24,31.9,0,0.0
DRV-1108,Safe Commuter,47,21876.0,13727.0,1.14,1.09,2.0,0.4,0.6,4.2,99.2,Elite Safe (Top 15%),1100.27,822.16,278.11,25.3,0,0.0
DRV-1109,Safe Commuter,50,35202.0,9360.0,1.25,0.44,1.1,1.7,0.89,4.9,97.2,Elite Safe (Top 15%),1498.96,1042.07,456.89,30.5,0,0.0
DRV-1110,Low-Mileage Weekend Driver,39,31101.0,4918.0,2.15,0.81,5.8,1.6,1.19,5.2,91.1,Elite Safe (Top 15%),1383.0,950.79,432.21,31.3,0,0.0
DRV-1111,Low-Mileage Weekend Driver,57,21421.0,5334.0,1.35,0.97,3.4,1.4,0.67,6.1,96.8,Elite Safe (Top 15%),1085.34,726.24,359.1,33.1,0,0.0
DRV-1112,Aggressive Speedster,24,22586.0,16809.0,8.33,6.26,25.4,4.6,4.49,17.9,37.1,High Risk (Non-Standard),1516.52,1994.31,-477.79,-31.5,0,0.0
DRV-1113,Safe Commuter,59,27696.0,11320.0,0.92,0.92,3.4,1.6,0.71,6.9,97.5,Elite Safe (Top 15%),1282.6,922.78,359.82,28.1,0,0.0
DRV-1114,Safe Commuter,56,31557.0,9341.0,0.79,0.67,2.0,0.3,0.61,3.6,100.0,Elite Safe (Top 15%),1396.15,946.04,450.11,32.2,0,0.0
DRV-1115,Distracted Urbanite,23,40168.0,13223.0,6.73,2.71,13.9,10.1,3.95,17.5,41.0,High Risk (Non-Standard),2204.84,2582.78,-377.94,-17.1,1,10869.27
DRV-1116,Night Shift Worker,36,39429.0,12608.0,1.96,1.18,4.3,1.7,2.08,45.3,83.1,Low Risk (Preferred),1613.62,1365.1,248.52,15.4,0,0.0
DRV-1117,Safe Commuter,43,41234.0,12538.0,1.39,0.87,3.1,0.8,0.93,3.9,98.1,Elite Safe (Top 15%),1661.25,1222.12,439.13,26.4,0,0.0
DRV-1118,Safe Commuter,49,44198.0,9330.0,0.4,1.01,2.0,1.4,0.73,6.5,98.3,Elite Safe (Top 15%),1737.93,1195.74,542.19,31.2,0,0.0
DRV-1119,Night Shift Worker,33,34768.0,15584.0,1.7,1.79,7.3,1.8,1.85,37.5,81.0,Low Risk (Preferred),1486.92,1373.56,113.36,7.6,0,0.0
DRV-1120,Safe Commuter,36,28855.0,12351.0,1.21,1.06,3.4,1.0,0.72,4.1,98.7,Elite Safe (Top 15%),1317.24,959.22,358.02,27.2,0,0.0
DRV-1121,Safe Commuter,41,33231.0,10709.0,1.14,0.57,4.5,0.4,0.44,5.9,97.6,Elite Safe (Top 15%),1443.85,1022.93,420.92,29.2,0,0.0
DRV-1122,Distracted Urbanite,37,41133.0,10189.0,4.61,4.26,9.3,10.0,2.91,16.3,49.4,Elevated Risk (Substandard),1658.61,1693.96,-35.35,-2.1,0,0.0
DRV-1123,Safe Commuter,56,25020.0,9218.0,0.7,1.05,4.4,1.2,0.8,5.9,97.8,Elite Safe (Top 15%),1200.62,829.03,371.59,30.9,0,0.0
DRV-1124,Aggressive Speedster,31,29456.0,17752.0,7.84,5.29,43.8,9.9,5.05,19.8,25.8,High Risk (Non-Standard),1335.01,1925.04,-590.03,-44.2,0,0.0
DRV-1125,Aggressive Speedster,32,39342.0,15598.0,6.92,7.06,23.2,6.9,4.8,30.9,31.0,High Risk (Non-Standard),1611.3,2135.43,-524.13,-32.5,0,0.0
DRV-1126,Safe Commuter,33,31534.0,12816.0,0.6,1.21,1.5,0.9,0.96,3.1,99.3,Elite Safe (Top 15%),1395.49,1020.82,374.67,26.8,0,0.0
DRV-1127,Safe Commuter,31,39441.0,10982.0,0.71,0.75,1.3,0.6,0.45,2.5,100.0,Elite Safe (Top 15%),1613.94,1124.24,489.7,30.3,0,0.0
DRV-1128,Safe Commuter,30,20377.0,10434.0,1.21,1.03,1.5,1.3,0.56,2.0,98.6,Elite Safe (Top 15%),1050.66,732.42,318.24,30.3,0,0.0
DRV-1129,Distracted Urbanite,38,37169.0,14701.0,5.51,3.47,15.8,8.9,2.8,10.4,47.1,Elevated Risk (Substandard),1552.88,1816.33,-263.45,-17.0,0,0.0
DRV-1130,Safe Commuter,59,25217.0,11984.0,0.32,0.86,1.8,0.4,0.54,5.1,99.6,Elite Safe (Top 15%),1206.76,863.69,343.07,28.4,0,0.0
DRV-1131,Night Shift Worker,29,44200.0,13617.0,1.78,2.14,6.7,3.1,1.61,35.6,78.5,Low Risk (Preferred),1737.98,1566.41,171.57,9.9,1,2854.63
DRV-1132,Low-Mileage Weekend Driver,33,22002.0,4750.0,0.89,0.89,4.6,1.0,1.08,7.5,97.0,Elite Safe (Top 15%),1104.39,733.45,370.94,33.6,0,0.0
DRV-1133,Safe Commuter,39,46308.0,13152.0,1.05,1.28,2.7,0.5,0.31,5.6,98.6,Elite Safe (Top 15%),1791.42,1329.63,461.79,25.8,1,1745.56
DRV-1134,Distracted Urbanite,22,26583.0,11578.0,4.52,3.42,16.2,10.8,2.59,14.5,46.3,Elevated Risk (Substandard),1685.96,1826.26,-140.3,-8.3,0,0.0
DRV-1135,Safe Commuter,49,23605.0,10366.0,1.18,0.79,2.4,0.9,0.97,3.7,99.0,Elite Safe (Top 15%),1156.04,801.47,354.57,30.7,0,0.0
DRV-1136,Low-Mileage Weekend Driver,65,21078.0,4434.0,0.92,1.11,3.7,2.5,0.68,4.8,96.2,Elite Safe (Top 15%),1074.01,715.19,358.82,33.4,0,0.0
DRV-1137,Safe Commuter,56,47945.0,12013.0,0.77,1.02,2.2,0.3,0.9,3.8,99.8,Elite Safe (Top 15%),1832.33,1309.68,522.65,28.5,0,0.0
DRV-1138,Aggressive Speedster,19,36227.0,14600.0,7.05,5.27,40.4,8.1,6.37,17.4,30.0,High Risk (Non-Standard),2519.85,3274.86,-755.01,-30.0,0,0.0
DRV-1139,Safe Commuter,32,29129.0,10180.0,1.01,0.73,4.3,0.3,0.32,4.2,98.9,Elite Safe (Top 15%),1325.35,915.67,409.68,30.9,0,0.0
DRV-1140,Safe Commuter,36,29610.0,11647.0,0.74,0.98,1.9,0.4,0.79,4.5,99.8,Elite Safe (Top 15%),1339.54,949.46,390.08,29.1,0,0.0
DRV-1141,Safe Commuter,44,20222.0,12520.0,0.54,0.95,3.4,1.8,0.36,2.7,98.3,Elite Safe (Top 15%),1045.46,767.27,278.19,26.6,0,0.0
DRV-1142,Distracted Urbanite,23,26999.0,14053.0,6.69,4.77,14.7,12.7,3.87,10.9,35.5,High Risk (Non-Standard),1703.06,2110.35,-407.29,-23.9,0,0.0
DRV-1143,Distracted Urbanite,26,34621.0,13968.0,5.18,2.78,10.0,8.1,4.48,8.3,53.1,Elevated Risk (Substandard),1482.83,1634.59,-151.76,-10.2,0,0.0
DRV-1144,Distracted Urbanite,38,30283.0,10649.0,6.42,2.65,12.0,12.7,3.7,12.1,41.5,High Risk (Non-Standard),1359.25,1479.17,-119.92,-8.8,0,0.0
DRV-1145,Safe Commuter,48,23459.0,12212.0,0.79,1.01,2.2,1.6,0.82,5.2,98.4,Elite Safe (Top 15%),1151.39,838.28,313.11,27.2,0,0.0
DRV-1146,Low-Mileage Weekend Driver,35,33567.0,6410.0,1.53,0.96,2.6,2.4,0.73,8.7,93.5,Elite Safe (Top 15%),1453.33,1005.7,447.63,30.8,0,0.0
DRV-1147,Safe Commuter,40,46248.0,12175.0,0.91,0.51,2.1,1.1,0.6,2.8,99.8,Elite Safe (Top 15%),1789.91,1284.09,505.82,28.3,0,0.0
DRV-1148,Night Shift Worker,45,37534.0,15213.0,2.1,1.99,4.1,1.6,1.77,52.3,81.9,Low Risk (Preferred),1562.77,1420.3,142.47,9.1,0,0.0
DRV-1149,Low-Mileage Weekend Driver,33,26923.0,5243.0,1.68,0.95,5.8,1.6,1.3,7.1,92.0,Elite Safe (Top 15%),1259.22,865.48,393.74,31.3,0,0.0
DRV-1150,Safe Commuter,56,28361.0,11078.0,0.81,0.71,1.5,1.6,0.46,6.9,97.8,Elite Safe (Top 15%),1302.53,929.11,373.42,28.7,0,0.0
DRV-1151,Distracted Urbanite,37,29524.0,12808.0,4.55,3.57,10.7,9.0,2.74,10.9,54.2,Elevated Risk (Substandard),1337.01,1419.68,-82.67,-6.2,0,0.0
DRV-1152,Safe Commuter,38,44372.0,13067.0,1.33,1.05,1.7,0.5,1.0,4.3,98.1,Elite Safe (Top 15%),1742.37,1297.21,445.16,25.5,0,0.0
DRV-1153,Safe Commuter,53,37628.0,11527.0,1.36,0.59,2.2,0.3,0.6,6.4,97.6,Elite Safe (Top 15%),1565.32,1130.56,434.76,27.8,0,0.0
DRV-1154,Low-Mileage Weekend Driver,38,23840.0,5008.0,2.04,1.47,5.1,1.4,0.9,6.4,91.5,Elite Safe (Top 15%),1163.51,799.12,364.39,31.3,0,0.0
DRV-1155,Safe Commuter,60,29196.0,11252.0,0.9,1.14,3.2,1.2,0.3,2.5,99.2,Elite Safe (Top 15%),1327.33,937.79,389.54,29.3,0,0.0
DRV-1156,Night Shift Worker,47,32212.0,14775.0,1.52,1.61,6.5,1.6,1.16,45.0,84.4,Low Risk (Preferred),1414.92,1245.4,169.52,12.0,0,0.0
DRV-1157,Night Shift Worker,32,42849.0,12640.0,2.18,1.2,9.0,3.0,1.36,45.1,77.8,Low Risk (Preferred),1703.26,1507.81,195.45,11.5,0,0.0
DRV-1158,Distracted Urbanite,30,44163.0,12374.0,3.55,3.26,9.1,10.3,3.27,17.0,54.3,Elevated Risk (Substandard),1737.03,1822.3,-85.27,-4.9,0,0.0
DRV-1159,Night Shift Worker,40,36871.0,15835.0,2.45,1.93,6.9,2.9,1.7,40.1,76.3,Low Risk (Preferred),1544.78,1493.85,50.93,3.3,0,0.0
DRV-1160,Distracted Urbanite,25,30389.0,14108.0,4.3,3.82,15.0,8.5,3.6,12.2,50.3,Elevated Risk (Substandard),1362.34,1536.29,-173.95,-12.8,0,0.0
DRV-1161,Low-Mileage Weekend Driver,62,33764.0,6555.0,1.83,0.67,2.6,1.2,0.83,7.0,95.1,Elite Safe (Top 15%),1458.87,1000.56,458.31,31.4,0,0.0
DRV-1162,Safe Commuter,62,23768.0,10712.0,0.69,1.09,3.5,1.2,0.75,5.1,98.7,Elite Safe (Top 15%),1161.22,814.06,347.16,29.9,0,0.0
DRV-1163,Night Shift Worker,38,34815.0,15707.0,2.77,1.93,7.5,2.9,1.59,49.4,74.8,Moderate Risk (Standard),1488.22,1452.9,35.32,2.4,0,0.0
DRV-1164,Distracted Urbanite,30,26714.0,10609.0,5.73,3.37,17.8,13.5,4.89,16.0,33.2,High Risk (Non-Standard),1252.85,1432.31,-179.46,-14.3,0,0.0
DRV-1165,Distracted Urbanite,32,26149.0,14620.0,5.66,4.22,10.1,13.6,3.18,13.6,41.6,High Risk (Non-Standard),1235.57,1495.1,-259.53,-21.0,1,6472.13
DRV-1166,Safe Commuter,31,41123.0,12349.0,0.88,0.97,1.2,0.9,0.77,2.5,100.0,Elite Safe (Top 15%),1658.35,1192.02,466.33,28.1,1,4157.02
DRV-1167,Aggressive Speedster,25,19775.0,19223.0,8.02,5.66,37.0,8.5,4.58,19.9,29.1,High Risk (Non-Standard),1030.38,1508.16,-477.78,-46.4,0,0.0
DRV-1168,Night Shift Worker,38,45589.0,13676.0,2.36,2.12,8.6,1.9,2.06,40.3,76.2,Low Risk (Preferred),1773.29,1631.26,142.03,8.0,0,0.0
DRV-1169,Low-Mileage Weekend Driver,63,45854.0,4152.0,1.85,1.65,3.2,0.9,0.8,6.6,94.2,Elite Safe (Top 15%),1779.98,1203.76,576.22,32.4,0,0.0
DRV-1170,Low-Mileage Weekend Driver,66,39934.0,5335.0,2.04,0.76,4.0,1.3,1.31,5.0,93.2,Elite Safe (Top 15%),1627.02,1112.07,514.95,31.6,0,0.0
DRV-1171,Distracted Urbanite,21,42810.0,13683.0,6.11,3.81,15.6,8.4,4.64,17.0,39.5,High Risk (Non-Standard),2298.04,2750.73,-452.69,-19.7,0,0.0
DRV-1172,Safe Commuter,34,46621.0,9924.0,0.45,0.69,1.9,0.6,0.39,5.8,99.3,Elite Safe (Top 15%),1799.28,1232.36,566.92,31.5,0,0.0
DRV-1173,Distracted Urbanite,21,45693.0,11308.0,4.69,3.04,14.7,10.7,2.9,14.9,46.9,Elevated Risk (Substandard),2397.49,2567.79,-170.3,-7.1,0,0.0
DRV-1174,Distracted Urbanite,24,47665.0,13194.0,6.6,3.35,10.2,14.7,3.7,12.5,41.3,High Risk (Non-Standard),2464.24,2878.94,-414.7,-16.8,0,0.0
DRV-1175,Distracted Urbanite,36,33765.0,13787.0,6.15,4.4,15.6,12.4,3.99,15.9,33.4,High Risk (Non-Standard),1458.89,1818.42,-359.53,-24.6,0,0.0
DRV-1176,Low-Mileage Weekend Driver,68,31255.0,3893.0,1.96,1.68,2.8,1.7,0.66,8.1,92.0,Elite Safe (Top 15%),1387.45,952.55,434.9,31.3,0,0.0
DRV-1177,Distracted Urbanite,36,31871.0,10455.0,5.18,4.36,12.5,11.1,3.64,8.6,44.1,High Risk (Non-Standard),1405.17,1496.11,-90.94,-6.5,0,0.0
DRV-1178,Distracted Urbanite,33,19808.0,11272.0,3.51,3.0,8.7,10.4,4.25,13.4,54.6,Elevated Risk (Substandard),1031.49,1048.52,-17.03,-1.7,0,0.0
DRV-1179,Aggressive Speedster,26,47786.0,14254.0,6.14,6.69,39.6,9.9,5.54,22.1,24.9,High Risk (Non-Standard),1828.38,2426.55,-598.17,-32.7,0,0.0
DRV-1180,Aggressive Speedster,25,34118.0,17005.0,7.23,6.32,34.4,7.9,4.74,18.0,30.6,High Risk (Non-Standard),1468.79,2020.71,-551.92,-37.6,0,0.0
DRV-1181,Distracted Urbanite,28,24890.0,14174.0,6.0,4.75,12.6,12.8,3.56,11.8,37.3,High Risk (Non-Standard),1196.57,1470.9,-274.33,-22.9,0,0.0
DRV-1182,Safe Commuter,40,18469.0,13687.0,1.1,0.5,3.8,0.9,0.81,6.4,98.1,Elite Safe (Top 15%),985.62,744.02,241.6,24.5,0,0.0
DRV-1183,Safe Commuter,30,40632.0,11232.0,1.04,1.18,1.9,0.3,0.55,4.7,99.2,Elite Safe (Top 15%),1645.45,1162.0,483.45,29.4,0,0.0
DRV-1184,Safe Commuter,46,44288.0,10171.0,1.31,0.92,3.0,1.4,0.85,3.2,97.9,Elite Safe (Top 15%),1740.23,1213.65,526.58,30.3,0,0.0
DRV-1185,Low-Mileage Weekend Driver,58,32869.0,4552.0,0.89,1.74,5.5,2.3,1.13,5.6,93.1,Elite Safe (Top 15%),1433.61,969.8,463.81,32.4,0,0.0
DRV-1186,Aggressive Speedster,29,25229.0,17049.0,6.6,6.44,31.4,5.8,4.3,24.1,32.9,High Risk (Non-Standard),1207.13,1639.23,-432.1,-35.8,0,0.0
DRV-1187,Aggressive Speedster,21,24100.0,20446.0,8.16,5.97,44.3,7.3,4.16,19.1,32.4,High Risk (Non-Standard),1581.85,2332.85,-751.0,-47.5,0,0.0
DRV-1188,Aggressive Speedster,32,20184.0,16969.0,6.64,6.9,23.2,6.3,5.43,15.7,35.2,High Risk (Non-Standard),1044.18,1395.1,-350.92,-33.6,0,0.0
DRV-1189,Night Shift Worker,37,21519.0,13397.0,2.59,1.4,8.8,1.5,2.12,63.9,77.2,Low Risk (Preferred),1088.57,986.5,102.07,9.4,0,0.0
DRV-1190,Low-Mileage Weekend Driver,47,37462.0,5935.0,1.79,1.08,3.0,1.3,0.78,5.8,95.4,Elite Safe (Top 15%),1560.83,1060.72,500.11,32.0,0,0.0
DRV-1191,Low-Mileage Weekend Driver,63,19371.0,5131.0,1.92,1.47,5.0,1.3,0.7,4.9,93.0,Elite Safe (Top 15%),1016.64,693.71,322.93,31.8,0,0.0
DRV-1192,Distracted Urbanite,21,43001.0,11304.0,6.58,3.83,12.2,8.2,3.32,11.8,46.8,Elevated Risk (Substandard),2304.7,2469.74,-165.04,-7.2,0,0.0
DRV-1193,Night Shift Worker,45,23078.0,12287.0,2.51,2.16,7.2,2.5,1.2,58.8,77.1,Low Risk (Preferred),1139.2,1005.45,133.75,11.7,0,0.0
DRV-1194,Low-Mileage Weekend Driver,66,18192.0,6966.0,2.14,1.23,5.4,0.9,1.32,3.3,92.2,Elite Safe (Top 15%),975.98,686.51,289.47,29.7,0,0.0
DRV-1195,Night Shift Worker,28,32496.0,14536.0,1.21,1.61,5.9,2.7,1.8,53.5,82.8,Low Risk (Preferred),1423.02,1263.34,159.68,11.2,0,0.0
DRV-1196,Safe Commuter,54,42185.0,9059.0,0.88,0.65,4.4,0.2,0.85,5.4,98.4,Elite Safe (Top 15%),1686.06,1156.3,529.76,31.4,0,0.0
DRV-1197,Safe Commuter,34,46779.0,11622.0,0.57,0.96,1.9,0.8,0.84,2.4,99.9,Elite Safe (Top 15%),1803.24,1276.13,527.11,29.2,0,0.0
DRV-1198,Safe Commuter,42,29315.0,10500.0,1.21,0.47,4.5,1.2,0.23,4.0,97.7,Elite Safe (Top 15%),1330.85,937.28,393.57,29.6,0,0.0
DRV-1199,Night Shift Worker,34,45575.0,11413.0,2.55,1.77,5.7,3.5,2.17,61.8,75.1,Low Risk (Preferred),1772.93,1555.47,217.46,12.3,0,0.0
DRV-1200,Aggressive Speedster,30,18987.0,21100.0,6.4,4.16,23.7,9.6,6.23,24.6,27.1,High Risk (Non-Standard),1003.5,1551.67,-548.17,-54.6,0,0.0
DRV-1201,Safe Commuter,41,43040.0,11935.0,1.13,1.04,2.4,0.3,0.33,3.2,99.4,Elite Safe (Top 15%),1708.19,1223.63,484.56,28.4,0,0.0
DRV-1202,Aggressive Speedster,24,20931.0,17071.0,7.46,6.77,37.9,4.5,5.81,20.9,35.2,High Risk (Non-Standard),1443.34,1933.18,-489.84,-33.9,0,0.0
DRV-1203,Safe Commuter,53,29263.0,13845.0,0.66,0.97,3.7,0.9,0.38,4.8,99.2,Elite Safe (Top 15%),1329.31,995.89,333.42,25.1,0,0.0
DRV-1204,Night Shift Worker,48,37017.0,11428.0,2.19,1.96,7.6,1.7,1.19,56.4,80.0,Low Risk (Preferred),1548.75,1306.32,242.43,15.7,0,0.0
DRV-1205,Safe Commuter,34,34710.0,9458.0,1.34,0.8,3.7,0.4,0.27,4.2,98.1,Elite Safe (Top 15%),1485.31,1024.79,460.52,31.0,0,0.0
DRV-1206,Safe Commuter,33,20541.0,10770.0,0.4,0.94,2.1,0.8,0.43,3.9,100.0,Elite Safe (Top 15%),1056.15,732.06,324.09,30.7,0,0.0
DRV-1207,Aggressive Speedster,22,31040.0,18576.0,5.18,5.33,25.2,5.8,5.13,16.1,37.9,High Risk (Non-Standard),1864.67,2544.42,-679.75,-36.5,0,0.0
DRV-1208,Low-Mileage Weekend Driver,36,18203.0,4764.0,2.12,1.47,4.0,1.8,0.96,3.8,92.1,Elite Safe (Top 15%),976.37,666.08,310.29,31.8,0,0.0
DRV-1209,Distracted Urbanite,33,27620.0,14020.0,4.59,3.27,16.2,13.9,4.94,9.4,41.6,High Risk (Non-Standard),1280.31,1525.54,-245.23,-19.2,0,0.0
DRV-1210,Safe Commuter,48,27777.0,9888.0,0.74,0.69,3.6,1.2,0.97,5.9,98.2,Elite Safe (Top 15%),1285.04,889.24,395.8,30.8,0,0.0
DRV-1211,Distracted Urbanite,32,31849.0,10569.0,5.36,3.86,13.5,12.5,3.88,17.5,38.2,High Risk (Non-Standard),1404.53,1556.34,-151.81,-10.8,0,0.0
DRV-1212,Low-Mileage Weekend Driver,50,25580.0,6409.0,0.9,1.62,5.2,1.9,0.64,4.8,95.2,Elite Safe (Top 15%),1218.02,833.35,384.67,31.6,0,0.0
DRV-1213,Low-Mileage Weekend Driver,56,34309.0,3759.0,2.19,1.18,3.6,1.7,1.42,7.2,90.8,Elite Safe (Top 15%),1474.13,1020.05,454.08,30.8,0,0.0
DRV-1214,Low-Mileage Weekend Driver,66,34897.0,5578.0,2.08,0.73,3.0,1.9,0.67,6.7,93.0,Elite Safe (Top 15%),1490.5,1023.23,467.27,31.3,0,0.0
DRV-1215,Night Shift Worker,45,35257.0,15829.0,1.89,1.01,5.3,2.5,1.62,52.4,82.5,Low Risk (Preferred),1500.48,1375.62,124.86,8.3,0,0.0
DRV-1216,Low-Mileage Weekend Driver,64,39905.0,4028.0,2.2,1.18,3.2,2.4,0.59,8.0,90.6,Elite Safe (Top 15%),1626.25,1121.55,504.7,31.0,0,0.0
DRV-1217,Safe Commuter,41,39323.0,11606.0,0.68,0.49,3.5,0.9,0.25,2.2,99.6,Elite Safe (Top 15%),1610.8,1142.92,467.88,29.0,1,2564.8
DRV-1218,Safe Commuter,38,41933.0,13650.0,1.11,0.86,2.9,0.7,0.54,4.3,99.4,Elite Safe (Top 15%),1679.51,1250.33,429.18,25.6,0,0.0
DRV-1219,Safe Commuter,55,26350.0,10978.0,1.11,1.19,2.6,0.9,0.2,3.1,99.2,Elite Safe (Top 15%),1241.73,871.71,370.02,29.8,0,0.0
DRV-1220,Distracted Urbanite,24,46977.0,13998.0,5.27,3.34,10.0,7.9,4.18,12.9,50.8,Elevated Risk (Substandard),2441.07,2735.75,-294.68,-12.1,0,0.0
DRV-1221,Low-Mileage Weekend Driver,57,36435.0,5555.0,1.29,1.61,4.5,2.2,1.21,4.8,93.3,Elite Safe (Top 15%),1532.88,1050.22,482.66,31.5,0,0.0
DRV-1222,Safe Commuter,35,30691.0,10193.0,0.43,0.74,1.5,0.8,0.68,4.9,99.7,Elite Safe (Top 15%),1371.13,940.27,430.86,31.4,0,0.0
DRV-1223,Low-Mileage Weekend Driver,43,18288.0,5442.0,1.49,0.77,3.3,1.6,0.55,5.2,96.3,Elite Safe (Top 15%),979.33,657.95,321.38,32.8,0,0.0
DRV-1224,Distracted Urbanite,38,18926.0,12527.0,5.13,4.07,12.2,13.7,3.72,8.8,43.3,High Risk (Non-Standard),1001.4,1134.73,-133.33,-13.3,0,0.0
DRV-1225,Safe Commuter,45,35181.0,10124.0,0.62,1.1,3.0,1.4,0.6,4.6,98.8,Elite Safe (Top 15%),1498.38,1034.82,463.56,30.9,0,0.0
DRV-1226,Low-Mileage Weekend Driver,55,37610.0,5397.0,1.86,1.51,3.8,1.2,0.93,7.4,93.1,Elite Safe (Top 15%),1564.83,1070.91,493.92,31.6,0,0.0
DRV-1227,Aggressive Speedster,19,42321.0,17598.0,5.89,6.86,32.1,10.0,5.89,19.0,26.4,High Risk (Non-Standard),2787.83,3990.77,-1202.94,-43.1,0,0.0
DRV-1228,Low-Mileage Weekend Driver,59,34163.0,4081.0,0.99,0.85,2.8,0.9,0.85,4.7,99.6,Elite Safe (Top 15%),1470.05,968.65,501.4,34.1,0,0.0
DRV-1229,Distracted Urbanite,30,30348.0,12864.0,6.64,3.68,17.0,13.5,2.84,15.5,36.2,High Risk (Non-Standard),1361.15,1627.28,-266.13,-19.6,1,2164.13
DRV-1230,Night Shift Worker,32,26062.0,12248.0,2.34,1.99,7.8,2.9,1.59,52.3,76.2,Low Risk (Preferred),1232.89,1095.06,137.83,11.2,0,0.0
DRV-1231,Low-Mileage Weekend Driver,37,44067.0,4910.0,1.85,1.43,5.5,1.6,0.99,6.5,91.5,Elite Safe (Top 15%),1734.58,1189.61,544.97,31.4,0,0.0
DRV-1232,Safe Commuter,57,32841.0,12174.0,1.07,1.17,3.8,0.8,0.97,6.1,97.7,Elite Safe (Top 15%),1432.82,1049.45,383.37,26.8,0,0.0
DRV-1233,Safe Commuter,36,31787.0,11831.0,0.83,0.71,3.4,0.3,0.28,5.9,99.0,Elite Safe (Top 15%),1402.76,1006.43,396.33,28.3,0,0.0
DRV-1234,Aggressive Speedster,26,44233.0,17652.0,8.47,5.5,44.9,9.5,6.18,20.1,26.4,High Risk (Non-Standard),1738.82,2492.37,-753.55,-43.3,0,0.0
DRV-1235,Safe Commuter,51,25024.0,10252.0,0.71,1.21,1.6,0.8,0.44,5.5,99.0,Elite Safe (Top 15%),1200.75,830.21,370.54,30.9,0,0.0
DRV-1236,Distracted Urbanite,21,21618.0,11067.0,3.76,3.87,13.2,10.6,2.52,11.4,52.3,Elevated Risk (Substandard),1473.95,1513.3,-39.35,-2.7,0,0.0
DRV-1237,Night Shift Worker,54,41204.0,11354.0,1.81,1.88,4.5,2.1,2.06,39.1,81.5,Low Risk (Preferred),1660.47,1380.6,279.87,16.9,0,0.0
DRV-1238,Safe Commuter,37,45597.0,9342.0,0.92,0.95,1.6,0.8,0.37,5.7,99.4,Elite Safe (Top 15%),1773.49,1208.0,565.49,31.9,0,0.0
DRV-1239,Low-Mileage Weekend Driver,45,22195.0,3803.0,0.94,1.5,4.4,1.5,1.46,4.9,95.5,Elite Safe (Top 15%),1110.67,751.04,359.63,32.4,0,0.0
DRV-1240,Safe Commuter,46,40435.0,12895.0,1.06,1.16,3.3,0.7,0.61,4.5,99.0,Elite Safe (Top 15%),1640.26,1205.62,434.64,26.5,0,0.0
DRV-1241,Safe Commuter,43,46018.0,11474.0,0.42,0.85,3.1,1.0,0.98,6.9,98.5,Elite Safe (Top 15%),1784.12,1275.77,508.35,28.5,0,0.0
DRV-1242,Aggressive Speedster,28,18414.0,17367.0,6.69,4.6,32.8,9.9,4.0,25.0,26.5,High Risk (Non-Standard),983.71,1399.47,-415.76,-42.3,0,0.0
DRV-1243,Aggressive Speedster,31,34130.0,17184.0,5.65,6.49,39.6,6.5,4.89,25.9,31.6,High Risk (Non-Standard),1469.13,2017.65,-548.52,-37.3,1,1166.66
DRV-1244,Safe Commuter,41,27305.0,13872.0,0.47,0.69,3.1,1.4,0.72,5.2,98.7,Elite Safe (Top 15%),1270.8,957.44,313.36,24.7,0,0.0
DRV-1245,Aggressive Speedster,22,40220.0,14463.0,4.84,5.52,32.4,7.7,4.64,27.6,33.1,High Risk (Non-Standard),2206.69,2804.71,-598.02,-27.1,1,5968.78
DRV-1246,Distracted Urbanite,26,44204.0,12482.0,4.64,3.69,16.2,9.1,3.43,15.5,46.3,Elevated Risk (Substandard),1738.08,1929.34,-191.26,-11.0,0,0.0
DRV-1247,Safe Commuter,29,33323.0,10675.0,0.77,0.87,1.9,1.8,0.7,4.5,98.4,Elite Safe (Top 15%),1446.45,1016.08,430.37,29.8,0,0.0
DRV-1248,Aggressive Speedster,21,19321.0,16942.0,5.52,4.36,35.2,8.3,4.42,23.7,31.5,High Risk (Non-Standard),1370.17,1871.83,-501.66,-36.6,0,0.0
DRV-1249,Safe Commuter,58,37671.0,10820.0,1.31,0.56,4.4,0.3,0.84,5.6,97.1,Elite Safe (Top 15%),1566.48,1118.09,448.39,28.6,0,0.0
DRV-1250,Safe Commuter,48,47442.0,10356.0,0.39,0.74,2.8,1.6,0.34,6.0,98.1,Elite Safe (Top 15%),1819.81,1272.35,547.46,30.1,0,0.0
DRV-1251,Safe Commuter,57,41535.0,13330.0,1.15,0.68,1.3,0.9,0.5,3.5,99.4,Elite Safe (Top 15%),1669.13,1233.84,435.29,26.1,0,0.0
DRV-1252,Safe Commuter,51,18191.0,11958.0,0.84,1.1,1.7,1.6,0.81,3.2,98.7,Elite Safe (Top 15%),975.95,704.33,271.62,27.8,0,0.0
DRV-1253,Safe Commuter,50,27225.0,12180.0,1.06,0.41,2.2,1.4,0.5,5.7,98.4,Elite Safe (Top 15%),1268.38,922.77,345.61,27.2,0,0.0
DRV-1254,Aggressive Speedster,25,33593.0,17936.0,4.74,7.49,38.4,4.6,6.29,30.3,38.5,High Risk (Non-Standard),1454.06,1947.04,-492.98,-33.9,0,0.0
DRV-1255,Low-Mileage Weekend Driver,37,21921.0,5533.0,1.51,1.36,3.6,1.8,0.56,7.0,94.2,Elite Safe (Top 15%),1101.74,750.46,351.28,31.9,0,0.0
DRV-1256,Aggressive Speedster,31,41104.0,17144.0,7.83,5.14,32.4,5.4,6.35,17.3,34.9,High Risk (Non-Standard),1657.85,2228.6,-570.75,-34.4,1,1269.0
DRV-1257,Low-Mileage Weekend Driver,52,22728.0,4923.0,1.55,1.76,2.8,1.3,0.77,3.7,95.7,Elite Safe (Top 15%),1127.94,755.89,372.05,33.0,0,0.0
DRV-1258,Distracted Urbanite,22,26965.0,11075.0,6.33,2.84,15.1,14.7,3.49,8.5,40.7,High Risk (Non-Standard),1701.67,1883.57,-181.9,-10.7,0,0.0
DRV-1259,Safe Commuter,53,19850.0,13273.0,0.91,0.9,1.3,0.4,0.84,2.6,99.9,Elite Safe (Top 15%),1032.91,758.73,274.18,26.5,0,0.0
DRV-1260,Safe Commuter,40,18654.0,13118.0,0.71,0.97,3.3,1.1,0.41,6.1,98.8,Elite Safe (Top 15%),992.02,734.27,257.75,26.0,0,0.0
DRV-1261,Aggressive Speedster,26,45724.0,20474.0,4.87,6.97,40.6,4.7,6.34,15.9,41.3,High Risk (Non-Standard),1776.7,2475.69,-698.99,-39.3,0,0.0
DRV-1262,Distracted Urbanite,36,19039.0,10147.0,5.75,2.9,10.1,8.5,3.2,16.8,49.0,Elevated Risk (Substandard),1005.28,1028.16,-22.88,-2.3,0,0.0
DRV-1263,Safe Commuter,46,41916.0,11494.0,1.27,0.83,1.3,0.8,0.54,5.2,98.5,Elite Safe (Top 15%),1679.06,1201.2,477.86,28.5,0,0.0
DRV-1264,Aggressive Speedster,27,33072.0,20359.0,8.46,6.74,30.3,7.3,5.11,30.5,28.5,High Risk (Non-Standard),1439.36,2170.29,-730.93,-50.8,0,0.0
DRV-1265,Safe Commuter,48,35520.0,11986.0,0.33,1.13,2.0,1.5,0.58,3.8,98.8,Elite Safe (Top 15%),1507.74,1087.75,419.99,27.9,0,0.0
DRV-1266,Safe Commuter,43,43395.0,12284.0,0.59,1.13,4.2,0.3,1.0,3.1,98.5,Elite Safe (Top 15%),1717.34,1251.14,466.2,27.1,0,0.0
DRV-1267,Low-Mileage Weekend Driver,43,46427.0,4116.0,1.63,1.57,4.8,2.4,0.53,7.2,91.3,Elite Safe (Top 15%),1794.41,1231.6,562.81,31.4,0,0.0
DRV-1268,Night Shift Worker,36,36050.0,15183.0,2.5,2.16,6.7,1.9,1.05,36.7,78.9,Low Risk (Preferred),1522.33,1418.78,103.55,6.8,1,3530.28
DRV-1269,Safe Commuter,40,39141.0,13032.0,0.67,0.56,3.8,1.6,0.25,2.7,98.3,Elite Safe (Top 15%),1605.95,1192.33,413.62,25.8,0,0.0
DRV-1270,Safe Commuter,61,22094.0,13303.0,1.36,0.74,4.3,0.8,0.28,3.5,97.6,Elite Safe (Top 15%),1107.38,832.95,274.43,24.8,0,0.0
DRV-1271,Aggressive Speedster,31,28705.0,19114.0,6.45,5.11,38.3,7.4,6.2,25.4,28.4,High Risk (Non-Standard),1312.78,1924.82,-612.04,-46.6,0,0.0
DRV-1272,Distracted Urbanite,33,47828.0,11534.0,5.77,2.79,15.3,14.6,4.87,11.9,37.6,High Risk (Non-Standard),1829.42,2090.81,-261.39,-14.3,0,0.0
DRV-1273,Safe Commuter,48,25140.0,13605.0,1.36,0.6,3.0,1.7,0.31,5.7,96.6,Elite Safe (Top 15%),1204.36,921.09,283.27,23.5,0,0.0
DRV-1274,Safe Commuter,33,28514.0,13108.0,1.04,1.06,2.2,0.2,0.37,5.5,99.1,Elite Safe (Top 15%),1307.1,964.37,342.73,26.2,0,0.0
DRV-1275,Distracted Urbanite,22,21043.0,11930.0,5.92,4.73,16.8,10.9,3.45,13.5,36.2,High Risk (Non-Standard),1448.35,1687.97,-239.62,-16.5,0,0.0
DRV-1276,Aggressive Speedster,29,21142.0,20066.0,5.4,5.58,40.4,4.2,3.85,19.4,40.9,High Risk (Non-Standard),1076.13,1489.86,-413.73,-38.4,0,0.0
DRV-1277,Aggressive Speedster,21,18930.0,19856.0,6.69,7.14,24.1,7.6,5.46,23.2,29.3,High Risk (Non-Standard),1352.08,2005.64,-653.56,-48.3,0,0.0
DRV-1278,Safe Commuter,55,25958.0,9786.0,0.41,0.58,1.7,1.3,0.78,5.6,98.8,Elite Safe (Top 15%),1229.69,845.38,384.31,31.3,0,0.0
DRV-1279,Safe Commuter,31,36753.0,10965.0,0.9,0.84,1.2,0.2,0.27,6.1,99.2,Elite Safe (Top 15%),1541.56,1081.87,459.69,29.8,0,0.0
DRV-1280,Safe Commuter,41,37831.0,9854.0,0.62,0.47,4.0,0.7,0.52,4.4,99.1,Elite Safe (Top 15%),1570.8,1077.18,493.62,31.4,0,0.0
DRV-1281,Low-Mileage Weekend Driver,43,34927.0,4799.0,1.33,0.82,2.2,1.5,0.76,8.0,96.2,Elite Safe (Top 15%),1491.33,995.23,496.1,33.3,0,0.0
DRV-1282,Night Shift Worker,30,42552.0,11429.0,1.75,1.65,8.9,2.7,1.66,60.2,78.7,Low Risk (Preferred),1695.58,1445.6,249.98,14.7,0,0.0
DRV-1283,Low-Mileage Weekend Driver,62,33505.0,5505.0,1.13,0.96,3.6,2.3,0.53,6.4,95.8,Elite Safe (Top 15%),1451.58,978.95,472.63,32.6,0,0.0
DRV-1284,Aggressive Speedster,21,30701.0,14962.0,7.53,4.61,44.6,9.8,5.98,17.1,27.8,High Risk (Non-Standard),1851.41,2460.8,-609.39,-32.9,0,0.0
DRV-1285,Low-Mileage Weekend Driver,41,27784.0,6419.0,1.16,1.69,5.7,0.9,0.89,5.4,95.3,Elite Safe (Top 15%),1285.25,879.0,406.25,31.6,0,0.0
DRV-1286,Low-Mileage Weekend Driver,32,40751.0,6253.0,1.67,1.23,3.7,1.5,0.65,6.5,94.5,Elite Safe (Top 15%),1648.58,1131.08,517.5,31.4,0,0.0
DRV-1287,Aggressive Speedster,28,35161.0,20236.0,7.64,7.04,42.2,9.3,4.51,26.1,25.8,High Risk (Non-Standard),1497.82,2289.29,-791.47,-52.8,0,0.0
DRV-1288,Safe Commuter,53,40372.0,9719.0,0.97,1.02,1.1,1.6,0.47,3.2,98.9,Elite Safe (Top 15%),1638.6,1124.7,513.9,31.4,0,0.0
DRV-1289,Aggressive Speedster,19,24839.0,16703.0,7.67,5.09,41.4,9.1,5.65,31.5,25.3,High Risk (Non-Standard),1971.7,2779.34,-807.64,-41.0,0,0.0
DRV-1290,Distracted Urbanite,31,40785.0,11347.0,4.88,3.98,9.9,8.7,4.56,15.4,48.0,Elevated Risk (Substandard),1649.47,1755.9,-106.43,-6.5,0,0.0
DRV-1291,Distracted Urbanite,37,23212.0,13957.0,3.72,4.13,12.0,13.2,3.81,13.7,46.9,Elevated Risk (Substandard),1143.49,1314.15,-170.66,-14.9,0,0.0
DRV-1292,Safe Commuter,31,37062.0,10247.0,0.8,1.23,3.5,0.6,0.86,4.5,98.9,Elite Safe (Top 15%),1549.97,1072.57,477.4,30.8,0,0.0
DRV-1293,Safe Commuter,51,25760.0,11444.0,0.79,1.26,2.7,1.1,0.48,6.2,98.5,Elite Safe (Top 15%),1223.59,874.34,349.25,28.5,0,0.0
DRV-1294,Safe Commuter,29,26073.0,10933.0,0.48,0.92,4.4,1.6,0.72,5.4,97.4,Elite Safe (Top 15%),1233.23,880.05,353.18,28.6,0,0.0
DRV-1295,Safe Commuter,28,39382.0,11370.0,0.45,0.56,3.8,0.6,0.69,6.7,98.4,Elite Safe (Top 15%),1612.37,1151.29,461.08,28.6,0,0.0
DRV-1296,Safe Commuter,52,18220.0,13258.0,0.8,0.6,2.1,1.0,0.7,4.9,99.7,Elite Safe (Top 15%),976.96,718.85,258.11,26.4,0,0.0
DRV-1297,Aggressive Speedster,32,37218.0,16994.0,7.09,6.13,28.9,4.6,3.97,31.8,35.4,High Risk (Non-Standard),1554.21,2075.19,-520.98,-33.5,0,0.0
DRV-1298,Safe Commuter,47,27588.0,9942.0,0.87,0.62,1.2,1.6,0.85,4.0,98.8,Elite Safe (Top 15%),1279.35,880.56,398.79,31.2,0,0.0
DRV-1299,Safe Commuter,59,23697.0,13987.0,0.59,0.78,2.4,0.3,0.77,4.9,99.7,Elite Safe (Top 15%),1158.97,866.56,292.41,25.2,0,0.0
DRV-1300,Safe Commuter,62,34747.0,12192.0,0.82,1.25,2.3,0.7,0.34,5.3,99.0,Elite Safe (Top 15%),1486.33,1075.24,411.09,27.7,0,0.0
DRV-1301,Low-Mileage Weekend Driver,48,24700.0,6038.0,1.58,1.7,5.8,2.3,1.15,4.3,91.1,Elite Safe (Top 15%),1190.62,832.46,358.16,30.1,0,0.0
DRV-1302,Low-Mileage Weekend Driver,53,36620.0,4801.0,1.62,1.16,2.5,0.9,1.13,6.5,95.6,Elite Safe (Top 15%),1537.93,1029.8,508.13,33.0,0,0.0
DRV-1303,Safe Commuter,35,30276.0,13337.0,0.72,0.67,1.2,1.6,0.31,3.0,98.9,Elite Safe (Top 15%),1359.05,1009.85,349.2,25.7,0,0.0
DRV-1304,Aggressive Speedster,26,19740.0,15146.0,7.95,4.63,23.9,6.0,6.46,20.3,34.2,High Risk (Non-Standard),1029.19,1322.33,-293.14,-28.5,0,0.0
DRV-1305,Safe Commuter,38,30871.0,11881.0,0.47,1.11,3.7,0.4,0.55,4.1,99.2,Elite Safe (Top 15%),1376.35,986.66,389.69,28.3,0,0.0
DRV-1306,Safe Commuter,62,36801.0,9997.0,0.71,0.41,2.1,1.5,0.35,5.4,98.6,Elite Safe (Top 15%),1542.87,1064.35,478.52,31.0,0,0.0
DRV-1307,Night Shift Worker,46,31678.0,12560.0,1.36,1.6,5.5,1.6,1.05,63.5,86.0,Low Risk (Preferred),1399.63,1153.2,246.43,17.6,0,0.0
DRV-1308,Low-Mileage Weekend Driver,59,45546.0,6608.0,2.19,1.01,5.6,1.4,0.69,8.7,90.8,Elite Safe (Top 15%),1772.2,1252.1,520.1,29.3,0,0.0
DRV-1309,Safe Commuter,36,37210.0,10056.0,0.32,0.85,1.4,1.3,0.83,3.9,99.4,Elite Safe (Top 15%),1553.99,1065.29,488.7,31.4,0,0.0
DRV-1310,Night Shift Worker,27,32232.0,14310.0,2.25,1.02,7.4,2.3,1.46,51.4,80.1,Low Risk (Preferred),1415.49,1279.52,135.97,9.6,0,0.0
DRV-1311,Night Shift Worker,24,21147.0,12506.0,2.26,1.79,5.3,2.7,1.16,59.9,79.9,Low Risk (Preferred),1453.0,1259.9,193.1,13.3,0,0.0
DRV-1312,Safe Commuter,35,30293.0,12924.0,0.85,0.95,3.7,1.5,0.98,3.8,98.2,Elite Safe (Top 15%),1359.54,1007.94,351.6,25.9,0,0.0
DRV-1313,Low-Mileage Weekend Driver,45,32823.0,5909.0,1.47,0.88,2.1,1.0,0.61,6.4,97.2,Elite Safe (Top 15%),1432.31,961.8,470.51,32.8,0,0.0
DRV-1314,Distracted Urbanite,23,20994.0,13618.0,3.83,3.09,10.3,14.9,3.24,12.6,51.3,Elevated Risk (Substandard),1446.16,1599.6,-153.44,-10.6,0,0.0
DRV-1315,Safe Commuter,46,22152.0,10801.0,1.04,0.78,1.4,1.6,0.91,2.0,98.5,Elite Safe (Top 15%),1109.27,780.79,328.48,29.6,0,0.0
DRV-1316,Safe Commuter,56,31696.0,13775.0,0.6,1.06,2.3,0.7,0.29,4.0,99.9,Elite Safe (Top 15%),1400.15,1039.93,360.22,25.7,0,0.0
DRV-1317,Night Shift Worker,54,22782.0,14999.0,2.24,1.96,4.6,2.9,1.07,63.3,80.0,Low Risk (Preferred),1129.68,1038.58,91.1,8.1,0,0.0
DRV-1318,Night Shift Worker,52,21920.0,11906.0,1.81,1.43,4.1,2.9,2.01,64.2,81.3,Low Risk (Preferred),1101.71,930.28,171.43,15.6,0,0.0
DRV-1319,Safe Commuter,54,39713.0,11203.0,0.37,0.99,1.0,1.6,0.62,5.7,98.3,Elite Safe (Top 15%),1621.16,1154.18,466.98,28.8,0,0.0
DRV-1320,Aggressive Speedster,32,38289.0,16706.0,6.59,6.45,24.2,8.0,4.47,20.9,30.4,High Risk (Non-Standard),1583.14,2164.76,-581.62,-36.7,0,0.0
DRV-1321,Distracted Urbanite,38,22962.0,14460.0,5.52,2.53,17.3,11.0,3.67,13.0,41.4,High Risk (Non-Standard),1135.47,1370.13,-234.66,-20.7,0,0.0
DRV-1322,Safe Commuter,49,42038.0,13851.0,0.36,0.6,3.3,0.8,0.39,4.3,99.7,Elite Safe (Top 15%),1682.24,1254.08,428.16,25.5,0,0.0
DRV-1323,Aggressive Speedster,26,42777.0,16528.0,8.42,6.61,22.4,6.4,3.9,24.3,34.4,High Risk (Non-Standard),1701.4,2260.08,-558.68,-32.8,0,0.0
DRV-1324,Aggressive Speedster,29,24688.0,16437.0,6.53,4.72,37.4,9.7,4.78,15.9,28.6,High Risk (Non-Standard),1190.24,1634.38,-444.14,-37.3,0,0.0
DRV-1325,Night Shift Worker,54,37010.0,14583.0,1.78,1.54,4.5,2.8,1.0,45.7,83.1,Low Risk (Preferred),1548.56,1372.68,175.88,11.4,0,0.0
DRV-1326,Low-Mileage Weekend Driver,55,36326.0,5957.0,0.86,0.8,2.6,2.0,1.22,3.6,97.4,Elite Safe (Top 15%),1529.9,1026.56,503.34,32.9,0,0.0
DRV-1327,Aggressive Speedster,25,38164.0,15725.0,7.8,4.67,29.8,8.5,3.93,25.8,29.1,High Risk (Non-Standard),1579.78,2124.56,-544.78,-34.5,1,10138.08
DRV-1328,Low-Mileage Weekend Driver,64,33250.0,3971.0,1.5,1.24,2.2,2.4,1.34,5.9,93.2,Elite Safe (Top 15%),1444.39,984.68,459.71,31.8,0,0.0
DRV-1329,Safe Commuter,39,47385.0,12652.0,0.44,0.75,3.1,1.6,0.6,3.9,98.8,Elite Safe (Top 15%),1818.39,1331.91,486.48,26.8,0,0.0
DRV-1330,Distracted Urbanite,29,33369.0,11989.0,4.63,3.18,16.0,8.1,4.01,16.9,47.7,Elevated Risk (Substandard),1447.75,1571.45,-123.7,-8.5,0,0.0
DRV-1331,Low-Mileage Weekend Driver,52,38171.0,5992.0,2.11,1.36,2.8,1.9,0.79,5.1,92.8,Elite Safe (Top 15%),1579.96,1092.24,487.72,30.9,0,0.0
DRV-1332,Night Shift Worker,35,38015.0,13519.0,2.31,1.39,4.6,2.2,1.58,52.1,81.1,Low Risk (Preferred),1575.76,1386.11,189.65,12.0,0,0.0
DRV-1333,Distracted Urbanite,38,23997.0,11430.0,6.3,4.36,13.2,7.2,2.86,14.7,46.6,Elevated Risk (Substandard),1168.48,1258.14,-89.66,-7.7,0,0.0
DRV-1334,Safe Commuter,46,31578.0,12417.0,0.46,0.46,3.7,0.5,0.63,3.8,99.5,Elite Safe (Top 15%),1396.76,1010.58,386.18,27.6,0,0.0
DRV-1335,Night Shift Worker,38,45795.0,14712.0,2.1,1.29,7.9,3.1,1.35,54.9,78.6,Low Risk (Preferred),1778.49,1643.64,134.85,7.6,0,0.0
DRV-1336,Aggressive Speedster,29,42900.0,16501.0,6.71,4.05,27.8,7.7,5.91,29.8,29.7,High Risk (Non-Standard),1704.58,2328.9,-624.32,-36.6,0,0.0
DRV-1337,Distracted Urbanite,32,38480.0,13776.0,5.3,3.89,15.8,14.7,3.24,9.8,40.9,High Risk (Non-Standard),1588.27,1888.95,-300.68,-18.9,0,0.0
DRV-1338,Safe Commuter,60,31990.0,9597.0,0.34,0.65,1.9,0.5,0.88,2.0,99.8,Elite Safe (Top 15%),1408.57,957.72,450.85,32.0,0,0.0
DRV-1339,Safe Commuter,48,20186.0,11984.0,1.15,0.96,4.0,0.7,0.83,4.8,98.3,Elite Safe (Top 15%),1044.25,757.05,287.2,27.5,0,0.0
DRV-1340,Low-Mileage Weekend Driver,43,37900.0,5322.0,1.9,0.79,4.2,1.5,0.85,8.3,92.9,Elite Safe (Top 15%),1572.66,1076.39,496.27,31.6,0,0.0
DRV-1341,Safe Commuter,61,37268.0,11374.0,0.92,1.08,3.3,0.4,0.48,3.2,99.6,Elite Safe (Top 15%),1555.57,1097.83,457.74,29.4,0,0.0
DRV-1342,Safe Commuter,30,45340.0,12413.0,0.65,1.22,4.3,0.8,0.63,3.4,98.6,Elite Safe (Top 15%),1766.99,1289.82,477.17,27.0,0,0.0
DRV-1343,Low-Mileage Weekend Driver,64,46688.0,5059.0,0.86,1.68,2.8,1.7,1.45,4.0,96.1,Elite Safe (Top 15%),1800.96,1206.28,594.68,33.0,0,0.0
DRV-1344,Safe Commuter,32,44359.0,10054.0,0.99,0.59,3.4,1.5,0.36,6.1,98.0,Elite Safe (Top 15%),1742.04,1210.33,531.71,30.5,0,0.0
DRV-1345,Low-Mileage Weekend Driver,36,34743.0,6114.0,1.02,1.15,3.3,0.9,0.55,7.8,98.0,Elite Safe (Top 15%),1486.22,994.96,491.26,33.1,0,0.0
DRV-1346,Safe Commuter,44,39609.0,11038.0,0.8,0.76,2.1,0.8,0.29,2.0,100.0,Elite Safe (Top 15%),1618.4,1128.82,489.58,30.3,0,0.0
DRV-1347,Distracted Urbanite,22,40958.0,13504.0,3.74,4.63,9.1,13.3,3.25,8.9,50.8,Elevated Risk (Substandard),2232.93,2470.99,-238.06,-10.7,0,0.0
DRV-1348,Low-Mileage Weekend Driver,33,22322.0,5159.0,1.55,0.76,3.6,2.2,1.05,8.8,92.9,Elite Safe (Top 15%),1114.8,761.41,353.39,31.7,0,0.0
DRV-1349,Aggressive Speedster,31,35182.0,20937.0,7.09,7.35,22.3,9.2,4.18,15.7,32.2,High Risk (Non-Standard),1498.4,2236.97,-738.57,-49.3,0,0.0
DRV-1350,Low-Mileage Weekend Driver,37,22829.0,4566.0,1.85,1.68,3.4,1.5,1.15,6.1,92.6,Elite Safe (Top 15%),1131.19,767.39,363.8,32.2,0,0.0
DRV-1351,Distracted Urbanite,27,37340.0,10573.0,5.71,3.8,8.5,13.0,4.98,13.5,40.0,High Risk (Non-Standard),1557.52,1707.09,-149.57,-9.6,1,5477.89
DRV-1352,Safe Commuter,40,45004.0,12628.0,0.84,0.7,1.4,1.2,0.28,5.1,99.2,Elite Safe (Top 15%),1758.46,1282.19,476.27,27.1,0,0.0
DRV-1353,Low-Mileage Weekend Driver,51,41570.0,5927.0,1.01,1.28,5.2,2.4,0.67,4.9,94.9,Elite Safe (Top 15%),1670.04,1138.28,531.76,31.8,0,0.0
DRV-1354,Night Shift Worker,41,34550.0,15201.0,1.41,1.88,8.4,2.4,1.43,44.2,80.9,Low Risk (Preferred),1480.85,1357.22,123.63,8.3,0,0.0
DRV-1355,Night Shift Worker,41,18559.0,15294.0,1.42,1.65,5.3,3.3,1.09,37.3,82.6,Low Risk (Preferred),988.74,894.77,93.97,9.5,0,0.0
DRV-1356,Safe Commuter,53,22459.0,12846.0,0.53,0.43,1.9,1.6,0.63,5.3,98.4,Elite Safe (Top 15%),1119.24,826.68,292.56,26.1,0,0.0
DRV-1357,Aggressive Speedster,28,43439.0,19866.0,5.66,5.63,33.7,6.4,5.16,26.3,31.5,High Risk (Non-Standard),1718.47,2515.35,-796.88,-46.4,0,0.0
DRV-1358,Night Shift Worker,34,39960.0,14786.0,1.42,1.19,6.8,2.6,2.05,39.4,81.9,Low Risk (Preferred),1627.71,1464.88,162.83,10.0,0,0.0
DRV-1359,Safe Commuter,59,45537.0,10159.0,0.59,0.61,3.3,1.0,0.83,3.9,99.7,Elite Safe (Top 15%),1771.97,1214.17,557.8,31.5,0,0.0
DRV-1360,Safe Commuter,48,29300.0,9516.0,1.37,0.97,2.0,1.4,0.66,4.9,97.4,Elite Safe (Top 15%),1330.41,924.55,405.86,30.5,0,0.0
DRV-1361,Night Shift Worker,28,32463.0,13583.0,1.8,2.09,6.6,2.2,2.04,49.6,79.5,Low Risk (Preferred),1422.08,1269.95,152.13,10.7,0,0.0
DRV-1362,Low-Mileage Weekend Driver,40,42509.0,5040.0,1.12,1.22,3.1,1.1,0.66,6.6,97.8,Elite Safe (Top 15%),1694.47,1123.59,570.88,33.7,0,0.0
DRV-1363,Low-Mileage Weekend Driver,53,19294.0,6021.0,1.47,1.17,2.8,1.1,1.33,3.1,96.6,Elite Safe (Top 15%),1014.02,684.43,329.59,32.5,0,0.0
DRV-1364,Safe Commuter,60,34908.0,9196.0,0.93,0.45,1.9,0.5,0.97,5.0,99.3,Elite Safe (Top 15%),1490.81,1015.38,475.43,31.9,1,6139.67
DRV-1365,Night Shift Worker,42,22281.0,15736.0,1.55,1.73,6.4,2.5,1.26,47.3,82.3,Low Risk (Preferred),1113.47,1020.47,93.0,8.4,0,0.0
DRV-1366,Distracted Urbanite,37,21257.0,11323.0,5.89,3.29,12.5,11.7,3.07,11.9,42.2,High Risk (Non-Standard),1079.93,1192.42,-112.49,-10.4,0,0.0
DRV-1367,Aggressive Speedster,27,33943.0,19475.0,7.81,6.12,26.1,9.4,5.42,29.9,24.7,High Risk (Non-Standard),1463.89,2213.14,-749.25,-51.2,0,0.0
DRV-1368,Safe Commuter,36,44245.0,13510.0,0.89,0.4,4.3,1.3,0.55,4.1,98.5,Elite Safe (Top 15%),1739.13,1302.46,436.67,25.1,0,0.0
DRV-1369,Low-Mileage Weekend Driver,62,22016.0,6263.0,1.33,1.31,5.0,2.1,1.2,3.6,93.8,Elite Safe (Top 15%),1104.84,761.72,343.12,31.1,0,0.0
DRV-1370,Safe Commuter,33,21535.0,10416.0,1.26,0.77,1.7,1.3,0.83,4.9,98.0,Elite Safe (Top 15%),1089.09,763.28,325.81,29.9,1,5264.16
DRV-1371,Night Shift Worker,44,36356.0,13044.0,1.37,1.51,6.9,2.0,1.64,51.9,83.2,Low Risk (Preferred),1530.72,1307.5,223.22,14.6,0,0.0
DRV-1372,Low-Mileage Weekend Driver,45,28331.0,4946.0,1.9,1.18,3.5,1.7,0.75,4.8,94.1,Elite Safe (Top 15%),1301.64,880.52,421.12,32.4,0,0.0
DRV-1373,Distracted Urbanite,24,34517.0,13739.0,4.97,4.11,9.6,8.7,3.5,11.4,51.1,Elevated Risk (Substandard),1997.91,2219.79,-221.88,-11.1,0,0.0
DRV-1374,Distracted Urbanite,26,25893.0,11946.0,5.6,4.35,16.2,10.8,4.0,8.9,39.5,High Risk (Non-Standard),1227.69,1402.63,-174.94,-14.2,0,0.0
DRV-1375,Night Shift Worker,48,23258.0,15653.0,1.84,1.79,5.4,3.4,1.07,58.2,80.4,Low Risk (Preferred),1144.97,1064.86,80.11,7.0,0,0.0
DRV-1376,Safe Commuter,61,25178.0,10430.0,0.34,0.94,2.8,0.6,0.34,2.2,100.0,Elite Safe (Top 15%),1205.55,828.95,376.6,31.2,1,1519.53
DRV-1377,Aggressive Speedster,31,34488.0,17195.0,7.18,5.42,26.6,4.1,5.7,30.6,34.4,High Risk (Non-Standard),1479.12,1997.02,-517.9,-35.0,0,0.0
DRV-1378,Night Shift Worker,46,23251.0,12737.0,2.5,1.27,8.8,2.4,1.48,35.1,77.4,Low Risk (Preferred),1144.74,1019.15,125.59,11.0,0,0.0
DRV-1379,Night Shift Worker,42,31283.0,12700.0,1.39,1.62,5.3,2.6,1.95,42.5,82.4,Low Risk (Preferred),1388.26,1184.16,204.1,14.7,0,0.0
DRV-1380,Low-Mileage Weekend Driver,47,20027.0,6151.0,2.15,1.15,3.8,1.8,0.53,3.7,93.1,Elite Safe (Top 15%),1038.89,718.42,320.47,30.8,0,0.0
DRV-1381,Aggressive Speedster,29,26619.0,19609.0,7.7,5.44,30.1,7.2,5.69,19.5,30.8,High Risk (Non-Standard),1249.96,1826.76,-576.8,-46.1,0,0.0
DRV-1382,Distracted Urbanite,31,38493.0,10380.0,6.57,3.6,11.5,14.2,3.17,17.5,39.0,High Risk (Non-Standard),1588.61,1742.26,-153.65,-9.7,0,0.0
DRV-1383,Low-Mileage Weekend Driver,44,41368.0,4322.0,1.14,0.92,2.9,2.2,1.34,5.1,95.8,Elite Safe (Top 15%),1664.76,1113.33,551.43,33.1,0,0.0
DRV-1384,Safe Commuter,59,47561.0,12069.0,1.14,0.89,1.1,1.0,0.7,4.5,99.2,Elite Safe (Top 15%),1822.78,1312.33,510.45,28.0,0,0.0
DRV-1385,Aggressive Speedster,26,30695.0,15463.0,7.56,5.79,31.2,8.5,4.15,23.9,28.4,High Risk (Non-Standard),1371.24,1839.57,-468.33,-34.2,0,0.0
DRV-1386,Safe Commuter,50,18355.0,10969.0,1.05,0.56,4.4,1.3,0.57,5.4,97.7,Elite Safe (Top 15%),981.66,699.1,282.56,28.8,0,0.0
DRV-1387,Night Shift Worker,44,23517.0,12808.0,2.58,1.22,5.3,2.0,2.15,45.3,79.2,Low Risk (Preferred),1153.24,1013.3,139.94,12.1,0,0.0
DRV-1388,Low-Mileage Weekend Driver,55,39624.0,4778.0,1.36,1.14,4.3,2.5,1.19,7.9,92.4,Elite Safe (Top 15%),1618.8,1102.78,516.02,31.9,0,0.0
DRV-1389,Night Shift Worker,48,44798.0,11980.0,2.48,1.89,6.4,1.5,1.51,39.0,79.6,Low Risk (Preferred),1753.23,1504.36,248.87,14.2,0,0.0
DRV-1390,Low-Mileage Weekend Driver,52,42415.0,6249.0,1.22,1.27,4.3,1.5,1.19,3.4,96.0,Elite Safe (Top 15%),1692.03,1149.34,542.69,32.1,0,0.0
DRV-1391,Night Shift Worker,52,28533.0,14723.0,1.62,1.43,6.8,3.1,1.41,47.4,80.9,Low Risk (Preferred),1307.66,1185.35,122.31,9.4,0,0.0
DRV-1392,Night Shift Worker,35,36410.0,15897.0,1.66,1.39,6.6,3.0,1.54,37.4,80.9,Low Risk (Preferred),1532.19,1426.69,105.5,6.9,0,0.0
DRV-1393,Aggressive Speedster,32,22860.0,15341.0,7.73,5.18,36.5,7.4,6.09,16.2,31.7,High Risk (Non-Standard),1132.19,1484.42,-352.23,-31.1,0,0.0
DRV-1394,Safe Commuter,46,33628.0,12552.0,0.97,0.76,4.1,1.4,0.95,5.7,97.5,Elite Safe (Top 15%),1455.04,1077.1,377.94,26.0,0,0.0
DRV-1395,Safe Commuter,29,20867.0,9625.0,0.56,0.63,3.6,1.4,0.37,4.0,98.8,Elite Safe (Top 15%),1067.01,732.57,334.44,31.3,0,0.0
DRV-1396,Low-Mileage Weekend Driver,35,44564.0,3592.0,1.36,1.52,2.3,1.2,0.66,6.9,96.1,Elite Safe (Top 15%),1747.27,1183.25,564.02,32.3,0,0.0
DRV-1397,Safe Commuter,46,43927.0,11216.0,0.44,0.87,1.6,0.3,0.49,6.6,99.0,Elite Safe (Top 15%),1730.99,1224.35,506.64,29.3,0,0.0
DRV-1398,Aggressive Speedster,23,44319.0,18388.0,5.04,7.32,34.4,7.5,5.03,27.7,32.0,High Risk (Non-Standard),2350.38,3314.1,-963.72,-41.0,0,0.0
DRV-1399,Night Shift Worker,43,18317.0,15545.0,1.97,1.27,4.4,2.1,1.49,39.7,83.2,Low Risk (Preferred),980.34,887.52,92.82,9.5,0,0.0
DRV-1400,Distracted Urbanite,25,30913.0,11719.0,5.05,2.52,17.2,14.6,3.69,8.1,43.4,High Risk (Non-Standard),1377.56,1526.14,-148.58,-10.8,0,0.0
DRV-1401,Safe Commuter,28,42853.0,11741.0,0.51,1.19,2.5,0.6,0.77,5.2,99.2,Elite Safe (Top 15%),1703.37,1217.17,486.2,28.5,0,0.0
DRV-1402,Safe Commuter,43,26065.0,11583.0,1.18,0.95,3.4,0.6,0.72,4.7,98.7,Elite Safe (Top 15%),1232.98,882.17,350.81,28.5,0,0.0
DRV-1403,Safe Commuter,36,19489.0,10448.0,1.0,0.96,2.0,1.2,0.35,2.1,99.6,Elite Safe (Top 15%),1020.67,704.87,315.8,30.9,0,0.0
DRV-1404,Safe Commuter,34,30607.0,10411.0,0.44,0.79,1.0,0.3,0.21,3.1,100.0,Elite Safe (Top 15%),1368.69,940.71,427.98,31.3,0,0.0
DRV-1405,Low-Mileage Weekend Driver,55,20142.0,5123.0,1.91,1.0,5.4,2.4,0.56,7.7,90.7,Elite Safe (Top 15%),1042.77,720.66,322.11,30.9,0,0.0
DRV-1406,Safe Commuter,44,40129.0,13086.0,1.21,0.51,3.7,0.6,0.82,4.2,98.5,Elite Safe (Top 15%),1632.18,1210.86,421.32,25.8,1,3394.48
DRV-1407,Distracted Urbanite,37,40342.0,13330.0,4.19,3.39,17.6,14.5,2.9,15.3,43.5,High Risk (Non-Standard),1637.81,1893.45,-255.64,-15.6,0,0.0
DRV-1408,Safe Commuter,58,27735.0,12193.0,0.52,1.2,4.0,0.5,0.29,5.2,98.4,Elite Safe (Top 15%),1283.77,934.25,349.52,27.2,0,0.0
DRV-1409,Safe Commuter,35,41124.0,10979.0,0.57,1.27,3.0,1.3,0.75,2.8,98.9,Elite Safe (Top 15%),1658.37,1167.64,490.73,29.6,0,0.0
DRV-1410,Low-Mileage Weekend Driver,53,21775.0,6758.0,2.2,1.35,2.2,1.9,1.2,7.7,90.7,Elite Safe (Top 15%),1096.97,777.33,319.64,29.1,0,0.0
DRV-1411,Aggressive Speedster,31,25521.0,19157.0,5.89,7.12,38.9,4.1,4.82,27.3,35.1,High Risk (Non-Standard),1216.2,1712.36,-496.16,-40.8,1,5950.49
DRV-1412,Night Shift Worker,55,34636.0,11949.0,1.5,1.42,7.7,2.1,2.0,62.4,81.5,Low Risk (Preferred),1483.25,1251.67,231.58,15.6,1,1507.48
DRV-1413,Safe Commuter,44,28922.0,11708.0,0.8,1.1,2.8,1.4,0.91,5.1,98.4,Elite Safe (Top 15%),1319.22,949.39,369.83,28.0,0,0.0
DRV-1414,Safe Commuter,32,27678.0,12291.0,0.89,0.75,2.8,1.0,0.64,5.1,99.6,Elite Safe (Top 15%),1282.06,924.02,358.04,27.9,0,0.0
DRV-1415,Safe Commuter,61,18955.0,12294.0,0.35,1.24,1.6,0.3,0.29,3.0,99.5,Elite Safe (Top 15%),1002.4,723.23,279.17,27.9,0,0.0
DRV-1416,Low-Mileage Weekend Driver,63,24262.0,5340.0,1.78,0.91,3.5,1.8,0.57,8.6,93.3,Elite Safe (Top 15%),1176.85,803.84,373.01,31.7,0,0.0
DRV-1417,Aggressive Speedster,20,19749.0,17744.0,7.06,5.26,39.1,9.3,6.02,28.5,24.9,High Risk (Non-Standard),1698.67,2462.05,-763.38,-44.9,0,0.0
DRV-1418,Low-Mileage Weekend Driver,36,23794.0,6421.0,0.91,0.86,4.1,1.0,0.73,5.3,98.7,Elite Safe (Top 15%),1162.05,776.65,385.4,33.2,0,0.0
DRV-1419,Night Shift Worker,35,30812.0,13792.0,2.09,1.9,7.8,2.7,1.81,56.1,77.3,Low Risk (Preferred),1374.64,1256.63,118.01,8.6,0,0.0
DRV-1420,Distracted Urbanite,38,47744.0,12008.0,4.61,2.86,18.0,10.5,3.38,11.2,46.0,Elevated Risk (Substandard),1827.33,2006.61,-179.28,-9.8,0,0.0
DRV-1421,Low-Mileage Weekend Driver,59,28800.0,6392.0,1.25,0.89,4.2,1.4,1.05,7.5,95.6,Elite Safe (Top 15%),1315.6,897.73,417.87,31.8,0,0.0
DRV-1422,Aggressive Speedster,19,24657.0,19811.0,8.43,6.09,33.9,10.0,4.61,20.1,26.2,High Risk (Non-Standard),1962.3,2963.06,-1000.76,-51.0,0,0.0
DRV-1423,Safe Commuter,45,25950.0,13596.0,0.86,0.91,3.0,0.4,0.57,2.8,100.0,Elite Safe (Top 15%),1229.45,908.64,320.81,26.1,0,0.0
DRV-1424,Safe Commuter,44,23187.0,13055.0,0.4,0.76,4.2,1.4,0.78,6.0,97.6,Elite Safe (Top 15%),1142.69,854.73,287.96,25.2,0,0.0
DRV-1425,Night Shift Worker,30,28438.0,13976.0,1.68,1.88,6.9,1.7,1.07,58.1,82.9,Low Risk (Preferred),1304.83,1142.4,162.43,12.4,0,0.0
DRV-1426,Low-Mileage Weekend Driver,39,27144.0,6544.0,1.12,1.38,4.4,0.8,1.28,5.3,96.3,Elite Safe (Top 15%),1265.93,861.11,404.82,32.0,0,0.0
DRV-1427,Low-Mileage Weekend Driver,41,35258.0,4644.0,1.78,0.78,4.7,2.5,1.47,7.5,90.3,Elite Safe (Top 15%),1500.51,1031.64,468.87,31.2,0,0.0
DRV-1428,Low-Mileage Weekend Driver,57,31035.0,4018.0,1.27,1.17,5.0,1.7,0.76,5.4,95.3,Elite Safe (Top 15%),1381.1,931.06,450.04,32.6,0,0.0
DRV-1429,Distracted Urbanite,36,20149.0,12796.0,5.11,4.0,10.0,11.9,4.34,10.5,43.4,High Risk (Non-Standard),1043.0,1189.64,-146.64,-14.1,0,0.0
DRV-1430,Safe Commuter,33,23078.0,9563.0,0.75,0.73,1.7,0.8,0.72,5.8,99.3,Elite Safe (Top 15%),1139.2,778.08,361.12,31.7,0,0.0
DRV-1431,Distracted Urbanite,35,20574.0,13116.0,4.95,4.63,10.3,12.5,2.89,15.3,43.3,High Risk (Non-Standard),1057.25,1216.97,-159.72,-15.1,0,0.0
DRV-1432,Safe Commuter,37,24270.0,13344.0,1.2,0.41,3.4,0.4,0.56,2.1,98.9,Elite Safe (Top 15%),1177.11,874.8,302.31,25.7,0,0.0
DRV-1433,Safe Commuter,61,45181.0,12752.0,0.9,0.96,4.5,1.3,0.73,3.9,98.4,Elite Safe (Top 15%),1762.96,1299.38,463.58,26.3,0,0.0
DRV-1434,Safe Commuter,31,26139.0,10420.0,1.17,0.96,1.2,1.2,0.21,3.9,99.0,Elite Safe (Top 15%),1235.26,857.49,377.77,30.6,0,0.0
DRV-1435,Night Shift Worker,30,27464.0,11095.0,2.59,1.78,5.2,2.3,2.17,38.0,77.5,Low Risk (Preferred),1275.61,1088.91,186.7,14.6,0,0.0
DRV-1436,Low-Mileage Weekend Driver,43,32698.0,4196.0,2.15,1.27,4.8,0.9,1.42,4.8,92.1,Elite Safe (Top 15%),1428.76,975.57,453.19,31.7,0,0.0
DRV-1437,Safe Commuter,50,29615.0,10777.0,0.63,1.3,4.4,0.6,0.25,3.3,98.4,Elite Safe (Top 15%),1339.69,943.36,396.33,29.6,0,0.0
DRV-1438,Aggressive Speedster,27,38340.0,21593.0,5.4,5.2,31.0,4.8,5.77,23.9,35.9,High Risk (Non-Standard),1584.51,2344.21,-759.7,-47.9,0,0.0
DRV-1439,Night Shift Worker,50,22157.0,12202.0,1.44,2.16,8.5,2.2,1.65,41.2,80.1,Low Risk (Preferred),1109.44,953.23,156.21,14.1,0,0.0
DRV-1440,Distracted Urbanite,25,45991.0,11545.0,5.83,3.7,9.4,15.0,4.94,9.5,40.6,High Risk (Non-Standard),1783.44,2001.38,-217.94,-12.2,0,0.0
DRV-1441,Safe Commuter,62,30421.0,13743.0,0.43,0.69,4.1,1.4,0.81,6.4,97.5,Elite Safe (Top 15%),1363.27,1036.56,326.71,24.0,0,0.0
DRV-1442,Low-Mileage Weekend Driver,49,36371.0,4032.0,1.06,0.76,2.1,2.5,1.12,6.6,95.4,Elite Safe (Top 15%),1531.13,1031.45,499.68,32.6,0,0.0
DRV-1443,Safe Commuter,29,43564.0,10796.0,1.06,0.83,2.8,1.2,0.77,3.9,99.4,Elite Safe (Top 15%),1721.68,1201.14,520.54,30.2,0,0.0
DRV-1444,Safe Commuter,40,24085.0,10131.0,0.75,1.27,4.2,1.7,0.38,5.4,96.8,Elite Safe (Top 15%),1171.27,824.64,346.63,29.6,0,0.0
DRV-1445,Safe Commuter,56,40060.0,13336.0,0.84,0.69,2.6,0.6,0.52,2.2,100.0,Elite Safe (Top 15%),1630.36,1198.05,432.31,26.5,0,0.0
DRV-1446,Safe Commuter,62,47875.0,11626.0,1.26,1.11,2.8,0.9,0.86,2.2,98.6,Elite Safe (Top 15%),1830.59,1312.33,518.26,28.3,0,0.0
DRV-1447,Low-Mileage Weekend Driver,34,42829.0,5452.0,1.52,1.36,2.2,1.3,0.9,4.8,96.2,Elite Safe (Top 15%),1702.75,1144.99,557.76,32.8,0,0.0
DRV-1448,Low-Mileage Weekend Driver,35,35563.0,5915.0,2.07,1.16,4.6,1.0,1.0,4.1,93.8,Elite Safe (Top 15%),1508.93,1035.53,473.4,31.4,0,0.0
DRV-1449,Low-Mileage Weekend Driver,57,25502.0,4947.0,1.43,0.81,4.4,2.0,0.7,5.7,94.8,Elite Safe (Top 15%),1215.61,819.14,396.47,32.6,0,0.0
DRV-1450,Aggressive Speedster,31,39806.0,15312.0,7.43,4.32,38.2,7.8,4.03,27.0,30.8,High Risk (Non-Standard),1623.63,2138.8,-515.17,-31.7,0,0.0
DRV-1451,Night Shift Worker,34,44065.0,12893.0,1.81,1.92,8.6,2.6,1.79,39.5,78.1,Low Risk (Preferred),1734.53,1541.24,193.29,11.1,0,0.0
DRV-1452,Distracted Urbanite,34,18106.0,11540.0,5.91,4.71,10.9,8.4,4.75,17.6,41.0,High Risk (Non-Standard),972.98,1089.0,-116.02,-11.9,0,0.0
DRV-1453,Safe Commuter,59,30305.0,13277.0,0.9,0.41,4.1,0.6,0.67,4.4,99.0,Elite Safe (Top 15%),1359.89,1008.11,351.78,25.9,0,0.0
DRV-1454,Night Shift Worker,39,28471.0,15411.0,1.64,1.75,8.1,1.9,1.22,36.7,81.8,Low Risk (Preferred),1305.82,1193.19,112.63,8.6,0,0.0
DRV-1455,Safe Commuter,47,38995.0,10656.0,0.4,0.5,4.5,0.5,0.43,5.3,98.4,Elite Safe (Top 15%),1602.05,1124.88,477.17,29.8,0,0.0
DRV-1456,Night Shift Worker,53,40753.0,14747.0,1.78,1.04,7.8,2.1,2.08,59.6,80.9,Low Risk (Preferred),1648.63,1495.25,153.38,9.3,0,0.0
DRV-1457,Safe Commuter,58,21279.0,9673.0,1.06,0.65,2.8,1.0,0.76,5.1,99.3,Elite Safe (Top 15%),1080.66,738.61,342.05,31.7,0,0.0
DRV-1458,Night Shift Worker,29,33762.0,13418.0,2.3,2.12,8.9,2.1,1.73,44.5,76.5,Low Risk (Preferred),1458.81,1330.34,128.47,8.8,0,0.0
DRV-1459,Low-Mileage Weekend Driver,40,26715.0,5650.0,1.49,1.48,4.0,2.2,1.38,4.4,92.9,Elite Safe (Top 15%),1252.88,861.44,391.44,31.2,0,0.0
DRV-1460,Safe Commuter,57,34812.0,12127.0,0.43,1.16,3.8,1.8,0.53,3.7,97.6,Elite Safe (Top 15%),1488.14,1089.86,398.28,26.8,0,0.0
DRV-1461,Safe Commuter,40,27998.0,12450.0,0.58,0.46,2.1,1.1,0.81,2.6,99.8,Elite Safe (Top 15%),1291.67,932.44,359.23,27.8,0,0.0
DRV-1462,Night Shift Worker,25,22073.0,15160.0,1.51,2.0,8.6,2.5,1.57,36.1,79.7,Low Risk (Preferred),1106.7,1023.86,82.84,7.5,0,0.0
DRV-1463,Low-Mileage Weekend Driver,66,38346.0,6636.0,1.45,1.58,5.7,0.9,1.02,6.4,93.7,Elite Safe (Top 15%),1584.67,1098.35,486.32,30.7,0,0.0
DRV-1464,Safe Commuter,49,36795.0,12998.0,1.28,0.72,4.4,0.6,0.22,6.9,96.8,Elite Safe (Top 15%),1542.71,1161.57,381.14,24.7,0,0.0
DRV-1465,Night Shift Worker,48,20604.0,11937.0,1.39,1.94,5.5,3.2,1.85,43.1,80.7,Low Risk (Preferred),1058.25,898.78,159.47,15.1,0,0.0
DRV-1466,Low-Mileage Weekend Driver,51,18748.0,4256.0,1.22,0.73,5.1,2.1,1.41,5.7,93.8,Elite Safe (Top 15%),995.27,673.22,322.05,32.4,0,0.0
DRV-1467,Low-Mileage Weekend Driver,44,47468.0,4690.0,1.48,1.65,3.2,1.4,1.27,3.6,95.0,Elite Safe (Top 15%),1820.46,1221.32,599.14,32.9,0,0.0
DRV-1468,Aggressive Speedster,22,35829.0,19797.0,6.34,6.5,34.0,4.0,6.32,26.7,34.5,High Risk (Non-Standard),2046.95,2935.71,-888.76,-43.4,1,3441.8
DRV-1469,Safe Commuter,61,26597.0,12831.0,1.12,0.42,3.7,1.2,0.37,3.0,98.6,Elite Safe (Top 15%),1249.28,920.59,328.69,26.3,0,0.0
DRV-1470,Distracted Urbanite,24,34481.0,11363.0,4.02,2.76,17.6,11.5,2.76,13.4,47.4,Elevated Risk (Substandard),1996.55,2134.66,-138.11,-6.9,0,0.0
DRV-1471,Aggressive Speedster,31,32122.0,16266.0,5.48,4.25,36.1,6.0,5.0,17.2,37.5,High Risk (Non-Standard),1412.35,1828.17,-415.82,-29.4,0,0.0
DRV-1472,Safe Commuter,31,28669.0,9431.0,0.73,1.03,4.1,1.2,0.75,4.2,98.7,Elite Safe (Top 15%),1311.71,900.02,411.69,31.4,0,0.0
DRV-1473,Safe Commuter,62,20918.0,9393.0,1.32,1.09,3.0,0.3,0.84,5.5,97.9,Elite Safe (Top 15%),1068.71,738.43,330.28,30.9,0,0.0
DRV-1474,Night Shift Worker,53,45518.0,13353.0,2.72,1.17,8.5,2.0,1.44,40.5,77.7,Low Risk (Preferred),1771.49,1597.07,174.42,9.8,0,0.0
DRV-1475,Aggressive Speedster,24,36133.0,17626.0,4.62,5.66,30.1,6.8,4.26,28.1,36.4,High Risk (Non-Standard),2058.22,2772.73,-714.51,-34.7,1,1256.22
DRV-1476,Distracted Urbanite,24,34438.0,11629.0,5.64,4.32,13.3,10.2,3.53,14.2,41.5,High Risk (Non-Standard),1994.93,2231.3,-236.37,-11.8,0,0.0
DRV-1477,Low-Mileage Weekend Driver,53,23193.0,4229.0,1.77,1.12,5.9,1.8,0.84,7.2,91.8,Elite Safe (Top 15%),1142.88,781.21,361.67,31.6,0,0.0
DRV-1478,Distracted Urbanite,36,35948.0,10572.0,5.47,3.25,9.0,10.6,3.27,12.1,48.0,Elevated Risk (Substandard),1519.53,1583.13,-63.6,-4.2,0,0.0
DRV-1479,Night Shift Worker,48,42295.0,12637.0,2.23,1.07,5.1,1.8,1.7,57.6,82.2,Low Risk (Preferred),1688.92,1440.88,248.04,14.7,0,0.0
DRV-1480,Night Shift Worker,52,45396.0,13656.0,1.82,1.69,5.0,2.9,1.38,52.1,81.3,Low Risk (Preferred),1768.4,1557.99,210.41,11.9,0,0.0
DRV-1481,Aggressive Speedster,25,43575.0,19742.0,8.16,7.47,35.4,7.7,5.18,29.4,27.8,High Risk (Non-Standard),1721.97,2571.07,-849.1,-49.3,1,10516.28
DRV-1482,Aggressive Speedster,19,29828.0,19627.0,7.78,5.26,41.8,9.2,4.44,26.9,26.2,High Risk (Non-Standard),2220.8,3339.21,-1118.41,-50.4,0,0.0
DRV-1483,Low-Mileage Weekend Driver,56,30517.0,5023.0,1.1,0.81,2.6,1.7,1.34,5.2,96.8,Elite Safe (Top 15%),1366.07,910.84,455.23,33.3,0,0.0
DRV-1484,Aggressive Speedster,21,20540.0,15074.0,4.79,4.05,38.6,6.9,4.98,31.8,36.1,High Risk (Non-Standard),1425.75,1807.1,-381.35,-26.7,0,0.0
DRV-1485,Low-Mileage Weekend Driver,61,29541.0,6628.0,1.77,1.72,4.5,1.6,0.92,7.9,91.6,Elite Safe (Top 15%),1337.51,940.28,397.23,29.7,0,0.0
DRV-1486,Low-Mileage Weekend Driver,32,47347.0,5523.0,1.99,0.88,4.0,1.5,1.05,5.2,93.5,Elite Safe (Top 15%),1817.44,1243.11,574.33,31.6,0,0.0
DRV-1487,Distracted Urbanite,24,26383.0,12901.0,6.67,2.68,15.3,11.2,4.65,15.5,37.4,High Risk (Non-Standard),1677.7,1992.93,-315.23,-18.8,0,0.0
DRV-1488,Low-Mileage Weekend Driver,37,36391.0,4358.0,1.68,1.4,4.7,2.0,1.04,6.5,92.0,Elite Safe (Top 15%),1531.67,1043.75,487.92,31.9,0,0.0
DRV-1489,Low-Mileage Weekend Driver,32,26676.0,5141.0,1.52,1.16,4.9,1.5,1.46,7.8,92.6,Elite Safe (Top 15%),1251.7,856.11,395.59,31.6,0,0.0
DRV-1490,Aggressive Speedster,30,26753.0,16433.0,7.64,4.91,36.5,7.5,5.35,26.2,28.4,High Risk (Non-Standard),1254.04,1723.88,-469.84,-37.5,0,0.0
DRV-1491,Safe Commuter,59,18426.0,9413.0,0.86,1.17,2.0,0.4,0.42,6.3,98.8,Elite Safe (Top 15%),984.13,674.55,309.58,31.5,0,0.0
DRV-1492,Safe Commuter,37,18993.0,12296.0,0.71,0.56,3.7,0.6,0.34,4.6,99.3,Elite Safe (Top 15%),1003.7,725.65,278.05,27.7,0,0.0
DRV-1493,Aggressive Speedster,28,37127.0,21472.0,5.12,5.74,44.9,8.6,4.44,22.5,31.7,High Risk (Non-Standard),1551.74,2351.53,-799.79,-51.5,0,0.0
DRV-1494,Distracted Urbanite,32,46448.0,10272.0,4.37,4.38,8.5,10.7,3.69,12.8,49.3,Elevated Risk (Substandard),1794.94,1838.7,-43.76,-2.4,0,0.0
DRV-1495,Safe Commuter,52,46853.0,11373.0,0.46,1.18,1.0,1.7,0.56,5.4,97.8,Elite Safe (Top 15%),1805.09,1296.54,508.55,28.2,0,0.0
DRV-1496,Safe Commuter,62,20948.0,12187.0,1.35,0.79,4.2,1.6,0.47,3.3,96.6,Elite Safe (Top 15%),1069.7,792.16,277.54,25.9,0,0.0
DRV-1497,Low-Mileage Weekend Driver,47,38184.0,6070.0,1.62,0.83,3.3,2.0,0.68,6.3,94.6,Elite Safe (Top 15%),1580.31,1081.16,499.15,31.6,0,0.0
DRV-1498,Safe Commuter,34,19706.0,11626.0,1.05,0.72,3.5,0.6,0.23,5.1,99.0,Elite Safe (Top 15%),1028.04,734.1,293.94,28.6,0,0.0
DRV-1499,Aggressive Speedster,22,44997.0,21604.0,7.05,6.48,24.8,9.1,4.15,26.2,27.0,High Risk (Non-Standard),2373.69,3713.85,-1340.16,-56.5,0,0.0
DRV-1500,Aggressive Speedster,20,30810.0,19565.0,5.51,5.63,43.5,7.8,6.29,19.7,31.6,High Risk (Non-Standard),2268.06,3294.96,-1026.9,-45.3,0,0.0
DRV-1501,Distracted Urbanite,31,42384.0,11287.0,6.08,3.14,8.6,10.1,4.99,10.6,44.6,High Risk (Non-Standard),1691.23,1837.33,-146.1,-8.6,0,0.0
DRV-1502,Safe Commuter,40,45378.0,12052.0,0.5,0.84,1.5,1.4,0.37,5.2,98.8,Elite Safe (Top 15%),1767.95,1277.41,490.54,27.7,0,0.0
DRV-1503,Safe Commuter,32,19135.0,9352.0,1.1,1.1,1.1,1.0,0.72,2.0,99.4,Elite Safe (Top 15%),1008.58,687.16,321.42,31.9,0,0.0
DRV-1504,Safe Commuter,49,41428.0,13523.0,0.93,0.86,4.3,1.0,0.55,6.2,98.2,Elite Safe (Top 15%),1666.33,1252.05,414.28,24.9,0,0.0
DRV-1505,Low-Mileage Weekend Driver,32,27085.0,4845.0,1.76,1.54,2.5,1.7,1.49,5.0,92.9,Elite Safe (Top 15%),1264.14,859.62,404.52,32.0,0,0.0
DRV-1506,Aggressive Speedster,29,23299.0,14725.0,6.64,7.36,23.9,6.8,5.87,26.0,30.3,High Risk (Non-Standard),1146.28,1491.89,-345.61,-30.2,1,2836.05
DRV-1507,Safe Commuter,52,23793.0,13482.0,0.99,0.72,1.3,1.2,0.79,2.7,99.6,Elite Safe (Top 15%),1162.02,860.13,301.89,26.0,0,0.0
DRV-1508,Night Shift Worker,55,18493.0,12944.0,2.47,1.77,6.5,3.4,1.97,64.0,75.4,Low Risk (Preferred),986.45,897.22,89.23,9.0,0,0.0
DRV-1509,Safe Commuter,30,40232.0,11028.0,0.53,0.99,2.8,1.7,0.9,4.7,98.3,Elite Safe (Top 15%),1634.9,1159.19,475.71,29.1,0,0.0
DRV-1510,Safe Commuter,37,36980.0,11444.0,0.32,1.22,3.2,0.6,0.72,2.1,99.4,Elite Safe (Top 15%),1547.74,1096.24,451.5,29.2,0,0.0
DRV-1511,Distracted Urbanite,24,24617.0,12281.0,4.06,3.86,16.2,7.9,3.74,16.0,49.7,Elevated Risk (Substandard),1603.82,1731.5,-127.68,-8.0,0,0.0
DRV-1512,Low-Mileage Weekend Driver,57,35793.0,4635.0,2.17,1.29,2.5,2.2,1.29,7.6,90.3,Elite Safe (Top 15%),1515.27,1041.51,473.76,31.3,0,0.0
DRV-1513,Safe Commuter,37,41732.0,12788.0,0.48,0.73,1.6,0.6,0.67,2.7,100.0,Elite Safe (Top 15%),1674.27,1215.4,458.87,27.4,0,0.0
DRV-1514,Low-Mileage Weekend Driver,42,30487.0,3555.0,1.48,0.61,2.7,1.0,1.15,8.3,95.8,Elite Safe (Top 15%),1365.2,926.46,438.74,32.1,0,0.0
DRV-1515,Distracted Urbanite,25,23400.0,11031.0,5.61,3.7,12.1,14.5,4.03,8.4,41.7,High Risk (Non-Standard),1149.5,1262.89,-113.39,-9.9,0,0.0
DRV-1516,Aggressive Speedster,29,36568.0,20612.0,5.7,5.47,34.8,5.2,6.46,31.6,33.6,High Risk (Non-Standard),1536.51,2257.33,-720.82,-46.9,0,0.0
DRV-1517,Aggressive Speedster,27,47057.0,15754.0,7.58,6.31,28.4,5.2,5.95,26.6,32.4,High Risk (Non-Standard),1810.2,2388.05,-577.85,-31.9,0,0.0
DRV-1518,Safe Commuter,30,21133.0,9270.0,0.7,0.59,1.9,1.2,0.91,4.3,99.3,Elite Safe (Top 15%),1075.83,733.12,342.71,31.9,0,0.0
DRV-1519,Low-Mileage Weekend Driver,42,23963.0,6249.0,1.48,0.74,5.6,2.0,1.09,5.0,93.4,Elite Safe (Top 15%),1167.41,806.64,360.77,30.9,0,0.0
DRV-1520,Safe Commuter,35,32532.0,10631.0,0.41,1.06,4.0,0.8,0.38,4.4,99.0,Elite Safe (Top 15%),1424.04,993.5,430.54,30.2,0,0.0
DRV-1521,Safe Commuter,57,18963.0,9890.0,0.71,0.81,1.7,0.8,0.42,3.7,100.0,Elite Safe (Top 15%),1002.67,682.04,320.63,32.0,0,0.0
DRV-1522,Safe Commuter,35,37140.0,13258.0,0.8,0.55,2.2,1.6,0.68,5.9,98.2,Elite Safe (Top 15%),1552.09,1159.35,392.74,25.3,0,0.0
DRV-1523,Safe Commuter,42,39901.0,9432.0,1.24,0.84,4.5,1.1,0.87,3.4,97.6,Elite Safe (Top 15%),1626.15,1127.06,499.09,30.7,0,0.0
DRV-1524,Safe Commuter,48,19327.0,11171.0,0.54,1.23,4.3,1.7,0.92,4.1,97.1,Elite Safe (Top 15%),1015.14,730.61,284.53,28.0,0,0.0
DRV-1525,Distracted Urbanite,37,34755.0,10168.0,5.25,3.6,16.0,13.6,3.63,10.4,40.5,High Risk (Non-Standard),1486.56,1605.55,-118.99,-8.0,1,6327.08
DRV-1526,Aggressive Speedster,21,35111.0,16867.0,5.46,7.5,22.4,8.0,4.24,22.8,33.6,High Risk (Non-Standard),2020.19,2719.39,-699.2,-34.6,0,0.0
DRV-1527,Aggressive Speedster,26,43811.0,20175.0,8.0,5.42,40.2,6.2,5.05,25.8,30.5,High Risk (Non-Standard),1728.02,2562.99,-834.97,-48.3,1,10203.78
DRV-1528,Safe Commuter,30,36614.0,10483.0,1.13,1.03,3.1,1.1,0.37,5.4,98.6,Elite Safe (Top 15%),1537.77,1073.24,464.53,30.2,0,0.0
DRV-1529,Aggressive Speedster,27,23258.0,21563.0,7.2,7.11,24.6,6.2,5.47,21.2,32.3,High Risk (Non-Standard),1144.97,1732.04,-587.07,-51.3,0,0.0
DRV-1530,Safe Commuter,41,39085.0,9692.0,0.67,0.89,3.3,1.4,0.8,6.4,98.1,Elite Safe (Top 15%),1604.45,1109.52,494.93,30.8,0,0.0
DRV-1531,Distracted Urbanite,31,33800.0,11764.0,4.38,4.06,10.8,7.5,3.36,12.9,54.6,Elevated Risk (Substandard),1459.88,1503.8,-43.92,-3.0,1,5996.54
DRV-1532,Night Shift Worker,42,44519.0,13260.0,1.79,1.81,7.5,3.5,2.06,40.7,77.0,Low Risk (Preferred),1746.12,1579.75,166.37,9.5,0,0.0
DRV-1533,Low-Mileage Weekend Driver,43,33621.0,4509.0,2.14,0.73,3.1,2.0,1.0,8.2,91.6,Elite Safe (Top 15%),1454.85,991.45,463.4,31.9,0,0.0
DRV-1534,Safe Commuter,62,42060.0,13659.0,0.82,0.78,3.6,0.2,0.35,2.1,99.6,Elite Safe (Top 15%),1682.81,1250.5,432.31,25.7,0,0.0
DRV-1535,Low-Mileage Weekend Driver,53,31358.0,4941.0,1.28,1.38,3.3,1.8,1.2,8.1,94.1,Elite Safe (Top 15%),1390.42,940.44,449.98,32.4,0,0.0
DRV-1536,Safe Commuter,47,31678.0,9859.0,0.59,0.84,4.4,1.4,0.24,3.8,98.3,Elite Safe (Top 15%),1399.63,967.25,432.38,30.9,0,0.0
DRV-1537,Aggressive Speedster,30,21508.0,18283.0,5.23,4.61,38.3,9.4,5.95,17.7,31.4,High Risk (Non-Standard),1088.2,1536.27,-448.07,-41.2,0,0.0
DRV-1538,Night Shift Worker,52,34196.0,12302.0,1.5,1.67,4.2,2.1,1.41,46.2,84.6,Low Risk (Preferred),1470.97,1219.32,251.65,17.1,0,0.0
DRV-1539,Safe Commuter,29,47268.0,11023.0,0.85,0.53,2.6,0.7,0.2,5.7,99.4,Elite Safe (Top 15%),1815.47,1273.33,542.14,29.9,0,0.0
DRV-1540,Distracted Urbanite,36,45669.0,14480.0,6.7,4.23,17.9,12.3,4.5,15.3,31.4,High Risk (Non-Standard),1775.31,2280.8,-505.49,-28.5,0,0.0
DRV-1541,Safe Commuter,58,20774.0,13501.0,0.45,0.9,2.1,0.8,0.87,4.2,99.8,Elite Safe (Top 15%),1063.92,786.25,277.67,26.1,0,0.0
DRV-1542,Night Shift Worker,38,47275.0,14906.0,2.43,1.23,4.4,3.2,1.81,63.7,78.9,Low Risk (Preferred),1815.64,1681.31,134.33,7.4,0,0.0
DRV-1543,Low-Mileage Weekend Driver,64,26540.0,6802.0,2.07,1.03,2.6,2.3,0.87,5.2,92.7,Elite Safe (Top 15%),1247.54,872.56,374.98,30.1,0,0.0
DRV-1544,Aggressive Speedster,32,39840.0,18488.0,5.36,7.11,39.1,6.5,4.99,17.8,35.3,High Risk (Non-Standard),1624.53,2249.14,-624.61,-38.4,0,0.0
DRV-1545,Distracted Urbanite,34,19983.0,10698.0,5.44,2.7,10.1,10.8,4.67,17.9,43.2,High Risk (Non-Standard),1037.41,1118.51,-81.1,-7.8,0,0.0
DRV-1546,Distracted Urbanite,23,23978.0,10033.0,5.61,3.13,9.7,10.7,3.92,17.1,43.9,High Risk (Non-Standard),1576.64,1660.65,-84.01,-5.3,0,0.0
DRV-1547,Safe Commuter,59,18073.0,9211.0,1.21,1.15,2.1,1.1,0.57,2.1,98.7,Elite Safe (Top 15%),971.83,665.53,306.3,31.5,0,0.0
DRV-1548,Aggressive Speedster,32,18853.0,19092.0,5.0,6.33,28.6,5.1,6.25,26.0,36.5,High Risk (Non-Standard),998.89,1391.85,-392.96,-39.3,0,0.0
DRV-1549,Low-Mileage Weekend Driver,36,42548.0,5596.0,1.31,1.18,3.7,1.2,1.19,8.8,95.0,Elite Safe (Top 15%),1695.48,1150.28,545.2,32.2,0,0.0
DRV-1550,Distracted Urbanite,21,26180.0,14226.0,4.04,2.63,11.2,14.0,2.84,9.6,52.6,Elevated Risk (Substandard),1669.3,1858.6,-189.3,-11.3,0,0.0
DRV-1551,Aggressive Speedster,24,35963.0,14390.0,5.67,6.24,23.8,5.2,5.5,28.0,34.6,High Risk (Non-Standard),2051.92,2579.29,-527.37,-25.7,1,2435.91
DRV-1552,Safe Commuter,47,26443.0,10357.0,1.07,0.73,2.9,0.8,0.31,2.7,99.7,Elite Safe (Top 15%),1244.58,856.82,387.76,31.2,0,0.0
DRV-1553,Low-Mileage Weekend Driver,42,33770.0,3858.0,1.02,0.87,2.8,2.3,1.11,8.0,95.4,Elite Safe (Top 15%),1459.03,986.14,472.89,32.4,0,0.0
DRV-1554,Night Shift Worker,31,22170.0,13087.0,2.67,1.14,4.7,1.5,1.42,55.7,81.7,Low Risk (Preferred),1109.86,961.3,148.56,13.4,0,0.0
DRV-1555,Aggressive Speedster,27,22271.0,20109.0,5.87,6.48,22.7,8.9,4.4,29.6,29.0,High Risk (Non-Standard),1113.14,1663.82,-550.68,-49.5,0,0.0
DRV-1556,Safe Commuter,36,23891.0,13906.0,0.77,1.09,1.4,0.2,0.59,4.2,99.7,Elite Safe (Top 15%),1165.13,869.63,295.5,25.4,1,5328.39
DRV-1557,Night Shift Worker,54,24162.0,11595.0,1.6,1.08,7.3,3.0,1.94,62.6,80.5,Low Risk (Preferred),1173.7,990.02,183.68,15.6,0,0.0
DRV-1558,Safe Commuter,50,41424.0,9146.0,0.46,1.07,2.0,1.1,0.48,6.3,98.8,Elite Safe (Top 15%),1666.23,1139.66,526.57,31.6,0,0.0
DRV-1559,Low-Mileage Weekend Driver,36,34114.0,3847.0,1.61,0.62,2.9,1.1,0.78,8.4,95.7,Elite Safe (Top 15%),1468.68,991.46,477.22,32.5,0,0.0
DRV-1560,Safe Commuter,41,43042.0,13602.0,1.24,0.83,3.4,0.5,0.74,2.5,98.7,Elite Safe (Top 15%),1708.25,1279.38,428.87,25.1,0,0.0
DRV-1561,Low-Mileage Weekend Driver,64,39142.0,4296.0,0.96,1.78,2.5,1.0,0.64,7.6,97.1,Elite Safe (Top 15%),1605.97,1067.35,538.62,33.5,0,0.0
DRV-1562,Safe Commuter,48,30218.0,11469.0,0.72,0.81,3.6,1.3,0.87,3.1,98.9,Elite Safe (Top 15%),1357.35,966.69,390.66,28.8,0,0.0
DRV-1563,Low-Mileage Weekend Driver,36,29891.0,6632.0,1.92,1.73,3.5,0.8,1.17,7.0,92.6,Elite Safe (Top 15%),1347.79,941.27,406.52,30.2,0,0.0
DRV-1564,Night Shift Worker,31,47256.0,11717.0,1.84,1.71,4.5,3.4,2.17,36.9,79.2,Low Risk (Preferred),1815.17,1552.43,262.74,14.5,0,0.0
DRV-1565,Night Shift Worker,49,41685.0,11614.0,2.54,1.87,5.4,2.9,1.7,43.2,77.2,Low Risk (Preferred),1673.04,1450.7,222.34,13.3,0,0.0
DRV-1566,Low-Mileage Weekend Driver,62,32680.0,5833.0,2.13,1.79,4.0,1.1,0.95,3.7,92.7,Elite Safe (Top 15%),1428.25,985.73,442.52,31.0,0,0.0
DRV-1567,Aggressive Speedster,19,22582.0,14797.0,4.71,4.24,37.6,9.8,4.83,26.5,31.0,High Risk (Non-Standard),1853.32,2406.44,-553.12,-29.8,0,0.0
DRV-1568,Safe Commuter,32,34273.0,12305.0,0.87,0.84,2.6,0.7,0.6,4.5,99.8,Elite Safe (Top 15%),1473.12,1059.94,413.18,28.0,0,0.0
DRV-1569,Low-Mileage Weekend Driver,33,31790.0,6834.0,0.84,1.12,5.7,1.5,0.81,5.3,96.4,Elite Safe (Top 15%),1402.84,956.55,446.29,31.8,0,0.0
DRV-1570,Night Shift Worker,43,32717.0,15424.0,1.46,1.52,5.6,2.3,1.92,52.1,82.7,Low Risk (Preferred),1429.3,1296.14,133.16,9.3,0,0.0
DRV-1571,Low-Mileage Weekend Driver,62,28583.0,5166.0,2.0,1.21,3.6,1.6,1.47,6.7,91.7,Elite Safe (Top 15%),1309.15,900.26,408.89,31.2,0,0.0
DRV-1572,Safe Commuter,29,29417.0,11952.0,0.44,0.73,3.8,1.1,0.81,5.1,98.8,Elite Safe (Top 15%),1333.86,961.55,372.31,27.9,0,0.0
DRV-1573,Aggressive Speedster,25,27147.0,16810.0,7.14,4.87,36.9,7.6,6.26,16.1,31.7,High Risk (Non-Standard),1266.02,1721.86,-455.84,-36.0,0,0.0
DRV-1574,Safe Commuter,48,18667.0,9187.0,1.02,0.78,2.8,0.9,0.22,4.3,99.8,Elite Safe (Top 15%),992.47,672.98,319.49,32.2,0,0.0
DRV-1575,Night Shift Worker,44,28186.0,13863.0,2.49,1.12,7.4,2.2,1.6,57.9,78.9,Low Risk (Preferred),1297.3,1172.19,125.11,9.6,0,0.0
DRV-1576,Low-Mileage Weekend Driver,59,26920.0,4206.0,1.69,1.77,2.3,2.2,0.71,4.6,93.3,Elite Safe (Top 15%),1259.13,854.41,404.72,32.1,0,0.0
DRV-1577,Distracted Urbanite,23,28419.0,13589.0,5.41,3.86,10.7,11.5,3.83,12.3,43.0,High Risk (Non-Standard),1760.76,2056.06,-295.3,-16.8,1,8090.31
DRV-1578,Low-Mileage Weekend Driver,51,23418.0,5015.0,1.56,0.84,3.6,1.9,0.95,7.6,94.0,Elite Safe (Top 15%),1150.08,779.11,370.97,32.3,1,5903.59
DRV-1579,Aggressive Speedster,28,43583.0,17994.0,7.14,6.88,43.6,5.6,5.52,28.8,31.6,High Risk (Non-Standard),1722.17,2411.68,-689.51,-40.0,0,0.0
DRV-1580,Aggressive Speedster,30,31062.0,19014.0,6.59,5.27,25.4,4.9,5.65,20.1,34.8,High Risk (Non-Standard),1381.88,1942.9,-561.02,-40.6,0,0.0
DRV-1581,Distracted Urbanite,23,25155.0,13170.0,6.29,3.11,10.9,8.3,4.22,10.4,47.8,Elevated Risk (Substandard),1626.52,1820.61,-194.09,-11.9,0,0.0
DRV-1582,Safe Commuter,47,25752.0,11321.0,0.92,0.79,3.3,0.3,0.33,2.7,99.8,Elite Safe (Top 15%),1223.34,860.6,362.74,29.7,0,0.0
DRV-1583,Night Shift Worker,35,26939.0,14221.0,1.27,1.87,7.9,1.6,2.08,44.4,82.1,Low Risk (Preferred),1259.7,1116.97,142.73,11.3,1,13832.86
DRV-1584,Aggressive Speedster,29,45988.0,19259.0,4.86,7.3,38.7,4.8,4.1,27.5,39.4,High Risk (Non-Standard),1783.36,2448.25,-664.89,-37.3,0,0.0
DRV-1585,Distracted Urbanite,37,29699.0,11259.0,6.42,3.05,9.2,13.5,3.32,13.8,42.9,High Risk (Non-Standard),1342.15,1472.8,-130.65,-9.7,0,0.0
DRV-1586,Safe Commuter,55,34004.0,10090.0,0.42,0.59,2.0,0.9,0.89,2.3,99.8,Elite Safe (Top 15%),1465.6,1001.62,463.98,31.7,0,0.0
DRV-1587,Safe Commuter,62,42641.0,11119.0,1.05,1.27,4.1,1.7,0.49,5.6,96.6,Elite Safe (Top 15%),1697.88,1226.35,471.53,27.8,1,15102.52
DRV-1588,Night Shift Worker,27,42368.0,14453.0,2.46,1.29,6.8,2.1,2.15,45.9,78.2,Low Risk (Preferred),1690.81,1558.39,132.42,7.8,0,0.0
DRV-1589,Aggressive Speedster,32,40700.0,17539.0,4.53,7.36,43.3,9.5,4.61,30.9,31.2,High Risk (Non-Standard),1647.24,2287.36,-640.12,-38.9,0,0.0
DRV-1590,Aggressive Speedster,21,42696.0,21327.0,7.03,7.08,39.6,6.4,3.89,29.7,32.3,High Risk (Non-Standard),2294.06,3452.36,-1158.3,-50.5,0,0.0
DRV-1591,Low-Mileage Weekend Driver,58,19991.0,6743.0,1.27,1.11,5.7,1.0,0.66,4.6,96.5,Elite Safe (Top 15%),1037.68,706.45,331.23,31.9,0,0.0
DRV-1592,Distracted Urbanite,38,22083.0,13689.0,5.0,2.56,8.5,12.1,4.08,15.9,46.1,Elevated Risk (Substandard),1107.03,1270.17,-163.14,-14.7,0,0.0
DRV-1593,Night Shift Worker,44,35820.0,13879.0,1.38,1.3,7.6,3.0,1.78,38.9,81.0,Low Risk (Preferred),1516.01,1346.15,169.86,11.2,0,0.0
DRV-1594,Aggressive Speedster,26,30435.0,17827.0,7.44,4.91,37.8,9.0,5.96,18.4,28.1,High Risk (Non-Standard),1363.68,1943.03,-579.35,-42.5,1,9580.62
DRV-1595,Aggressive Speedster,28,23948.0,15796.0,8.29,7.23,36.9,7.8,6.25,31.6,27.6,High Risk (Non-Standard),1166.93,1586.29,-419.36,-35.9,0,0.0
DRV-1596,Safe Commuter,53,33775.0,12090.0,0.96,0.53,4.4,0.5,0.65,2.1,99.0,Elite Safe (Top 15%),1459.17,1053.13,406.04,27.8,0,0.0
DRV-1597,Aggressive Speedster,32,32825.0,19389.0,4.97,6.5,26.4,9.2,5.91,19.9,31.2,High Risk (Non-Standard),1432.36,2077.62,-645.26,-45.0,1,8949.22
DRV-1598,Night Shift Worker,42,31529.0,14634.0,1.5,1.22,8.0,1.6,2.17,42.1,82.2,Low Risk (Preferred),1395.35,1248.1,147.25,10.6,0,0.0
DRV-1599,Night Shift Worker,53,30699.0,11429.0,1.95,2.05,8.9,2.3,1.25,46.5,78.6,Low Risk (Preferred),1371.36,1170.14,201.22,14.7,0,0.0
DRV-1600,Safe Commuter,31,39287.0,9261.0,1.32,0.82,2.2,1.2,0.74,6.0,97.6,Elite Safe (Top 15%),1609.84,1114.09,495.75,30.8,0,0.0
DRV-1601,Safe Commuter,60,25809.0,12098.0,0.63,0.76,2.3,1.7,0.65,4.9,98.4,Elite Safe (Top 15%),1225.1,889.61,335.49,27.4,0,0.0
DRV-1602,Aggressive Speedster,26,44150.0,15055.0,5.77,5.86,25.3,4.7,3.92,17.2,39.2,High Risk (Non-Standard),1736.7,2157.68,-420.98,-24.2,0,0.0
DRV-1603,Distracted Urbanite,34,27466.0,11415.0,6.39,3.91,15.6,9.1,3.28,16.9,40.7,High Risk (Non-Standard),1275.67,1425.51,-149.84,-11.7,0,0.0
DRV-1604,Distracted Urbanite,25,32107.0,12778.0,6.55,3.96,12.4,8.5,2.64,9.8,47.9,Elevated Risk (Substandard),1411.92,1563.16,-151.24,-10.7,0,0.0
DRV-1605,Low-Mileage Weekend Driver,39,43375.0,6983.0,2.1,0.65,3.4,2.0,0.99,6.0,92.4,Elite Safe (Top 15%),1716.82,1206.23,510.59,29.7,0,0.0
DRV-1606,Safe Commuter,33,24372.0,10019.0,0.61,1.15,3.6,1.5,0.65,5.3,97.9,Elite Safe (Top 15%),1180.32,820.15,360.17,30.5,0,0.0
DRV-1607,Safe Commuter,39,38419.0,11082.0,0.38,1.09,3.4,1.6,0.22,5.4,97.9,Elite Safe (Top 15%),1586.63,1130.77,455.86,28.7,0,0.0
DRV-1608,Night Shift Worker,30,35826.0,15185.0,1.45,1.1,8.2,2.8,1.54,63.7,81.5,Low Risk (Preferred),1516.17,1381.87,134.3,8.9,1,15495.54
DRV-1609,Night Shift Worker,52,37309.0,12625.0,2.37,1.88,8.8,2.6,1.25,36.5,76.8,Low Risk (Preferred),1556.68,1388.88,167.8,10.8,0,0.0
DRV-1610,Safe Commuter,32,18615.0,11736.0,0.96,0.48,1.9,0.6,0.82,4.0,100.0,Elite Safe (Top 15%),990.68,702.23,288.45,29.1,0,0.0
DRV-1611,Low-Mileage Weekend Driver,57,27303.0,4497.0,1.85,1.38,2.5,1.6,0.93,7.8,93.1,Elite Safe (Top 15%),1270.74,859.03,411.71,32.4,0,0.0
DRV-1612,Safe Commuter,34,40695.0,13160.0,0.86,0.84,4.1,1.0,0.65,4.1,99.2,Elite Safe (Top 15%),1647.11,1215.41,431.7,26.2,0,0.0
DRV-1613,Night Shift Worker,51,45920.0,14153.0,1.35,1.62,8.9,2.9,1.78,56.4,79.7,Low Risk (Preferred),1781.65,1610.03,171.62,9.6,0,0.0
DRV-1614,Night Shift Worker,29,43246.0,12454.0,1.9,2.09,6.4,1.8,1.15,62.1,81.6,Low Risk (Preferred),1713.5,1462.8,250.7,14.6,0,0.0
DRV-1615,Safe Commuter,31,42385.0,11755.0,1.31,0.86,2.8,0.9,0.57,5.6,98.2,Elite Safe (Top 15%),1691.25,1220.84,470.41,27.8,0,0.0
DRV-1616,Night Shift Worker,25,26929.0,11570.0,2.26,1.22,4.9,2.3,1.1,61.3,82.2,Low Risk (Preferred),1259.4,1046.62,212.78,16.9,0,0.0
DRV-1617,Low-Mileage Weekend Driver,60,36122.0,5683.0,1.17,1.76,5.5,1.1,0.69,7.5,94.5,Elite Safe (Top 15%),1524.31,1038.39,485.92,31.9,0,0.0
DRV-1618,Safe Commuter,62,40327.0,9090.0,0.73,0.41,3.3,0.9,0.52,5.3,99.3,Elite Safe (Top 15%),1637.41,1114.47,522.94,31.9,0,0.0
DRV-1619,Safe Commuter,51,42479.0,12453.0,1.36,1.01,3.8,0.3,0.31,3.0,98.0,Elite Safe (Top 15%),1693.69,1244.8,448.89,26.5,0,0.0
DRV-1620,Safe Commuter,29,27028.0,10046.0,1.01,0.98,2.5,1.2,0.83,3.0,99.5,Elite Safe (Top 15%),1262.41,864.36,398.05,31.5,0,0.0
DRV-1621,Low-Mileage Weekend Driver,33,25279.0,3908.0,2.06,1.49,3.8,1.6,0.52,5.7,92.5,Elite Safe (Top 15%),1208.69,827.67,381.02,31.5,0,0.0
DRV-1622,Distracted Urbanite,33,35875.0,10255.0,3.53,3.95,15.1,14.8,4.62,15.4,43.6,High Risk (Non-Standard),1517.52,1611.63,-94.11,-6.2,0,0.0
DRV-1623,Safe Commuter,59,19821.0,10998.0,0.86,1.05,4.3,1.6,0.89,3.2,97.7,Elite Safe (Top 15%),1031.93,735.41,296.52,28.7,1,4407.69
DRV-1624,Night Shift Worker,41,18624.0,15464.0,1.87,1.57,6.5,3.4,1.42,55.9,79.3,Low Risk (Preferred),990.99,926.41,64.58,6.5,0,0.0
DRV-1625,Safe Commuter,50,32054.0,11191.0,0.86,0.93,3.4,1.7,0.88,5.6,97.7,Elite Safe (Top 15%),1410.4,1009.71,400.69,28.4,0,0.0
DRV-1626,Distracted Urbanite,33,36655.0,14799.0,6.25,4.05,15.3,13.4,4.5,16.4,33.2,High Risk (Non-Standard),1538.89,1971.78,-432.89,-28.1,0,0.0
DRV-1627,Distracted Urbanite,36,24283.0,10645.0,4.16,3.89,9.0,10.3,4.98,11.0,49.7,Elevated Risk (Substandard),1177.52,1215.74,-38.22,-3.2,1,876.85
DRV-1628,Aggressive Speedster,24,24801.0,19415.0,5.2,7.01,33.6,8.8,4.71,16.9,32.7,High Risk (Non-Standard),1611.61,2317.32,-705.71,-43.8,0,0.0
DRV-1629,Low-Mileage Weekend Driver,53,36129.0,6247.0,1.88,1.52,4.2,2.3,1.35,8.2,89.6,Elite Safe (Top 15%),1524.5,1079.59,444.91,29.2,0,0.0
DRV-1630,Safe Commuter,56,21056.0,12995.0,1.36,1.08,4.4,1.5,0.69,6.3,95.6,Elite Safe (Top 15%),1073.28,817.56,255.72,23.8,0,0.0
DRV-1631,Low-Mileage Weekend Driver,42,39977.0,5705.0,2.02,1.69,2.6,1.3,0.94,6.0,93.0,Elite Safe (Top 15%),1628.16,1119.8,508.36,31.2,0,0.0
DRV-1632,Night Shift Worker,45,32210.0,15096.0,1.4,1.24,8.8,3.0,1.01,60.0,81.7,Low Risk (Preferred),1414.86,1284.67,130.19,9.2,0,0.0
DRV-1633,Safe Commuter,45,24845.0,10862.0,1.13,0.72,3.3,0.4,0.8,4.1,99.2,Elite Safe (Top 15%),1195.16,836.74,358.42,30.0,0,0.0
DRV-1634,Low-Mileage Weekend Driver,58,39529.0,6643.0,2.13,1.22,4.7,2.4,0.94,7.6,89.6,Elite Safe (Top 15%),1616.28,1151.72,464.56,28.7,0,0.0
DRV-1635,Safe Commuter,49,45075.0,10574.0,1.38,0.55,1.2,1.4,0.73,5.2,97.3,Elite Safe (Top 15%),1760.27,1246.67,513.6,29.2,0,0.0
DRV-1636,Night Shift Worker,42,42810.0,13097.0,2.62,1.84,8.4,2.9,1.38,45.3,75.4,Low Risk (Preferred),1702.26,1554.12,148.14,8.7,0,0.0
DRV-1637,Night Shift Worker,33,44630.0,14501.0,1.91,1.25,6.7,3.1,1.78,55.9,79.5,Low Risk (Preferred),1748.95,1596.17,152.78,8.7,0,0.0
DRV-1638,Low-Mileage Weekend Driver,44,34224.0,6583.0,0.92,1.24,3.6,2.0,1.38,6.1,95.4,Elite Safe (Top 15%),1471.75,1007.86,463.89,31.5,0,0.0
DRV-1639,Low-Mileage Weekend Driver,51,41225.0,5325.0,1.86,0.79,2.1,2.2,1.09,4.4,93.7,Elite Safe (Top 15%),1661.02,1131.67,529.35,31.9,0,0.0
DRV-1640,Aggressive Speedster,20,31462.0,19856.0,7.87,4.91,33.7,4.7,5.84,31.0,33.5,High Risk (Non-Standard),2299.14,3322.73,-1023.59,-44.5,0,0.0
DRV-1641,Safe Commuter,49,35866.0,13915.0,1.19,1.29,3.0,1.6,0.7,4.7,97.3,Elite Safe (Top 15%),1517.27,1160.37,356.9,23.5,0,0.0
DRV-1642,Safe Commuter,36,20940.0,12572.0,0.87,0.62,2.1,1.1,0.86,3.8,99.7,Elite Safe (Top 15%),1069.44,774.92,294.52,27.5,0,0.0
DRV-1643,Distracted Urbanite,23,34769.0,10461.0,4.9,2.8,10.1,7.6,4.19,12.0,54.1,Elevated Risk (Substandard),2007.38,2002.35,5.03,0.3,0,0.0
DRV-1644,Aggressive Speedster,28,22330.0,17991.0,6.19,5.54,43.4,6.9,6.43,29.0,29.3,High Risk (Non-Standard),1115.06,1583.5,-468.44,-42.0,1,6015.77
DRV-1645,Safe Commuter,60,46555.0,13316.0,0.43,0.59,2.7,1.4,0.96,3.8,99.0,Elite Safe (Top 15%),1797.62,1333.77,463.85,25.8,0,0.0
DRV-1646,Low-Mileage Weekend Driver,39,18839.0,4794.0,1.21,1.23,2.5,1.3,0.87,4.8,97.7,Elite Safe (Top 15%),998.41,660.84,337.57,33.8,0,0.0
DRV-1647,Distracted Urbanite,34,28459.0,10243.0,6.45,4.54,10.2,13.6,3.72,9.2,40.1,High Risk (Non-Standard),1305.46,1416.49,-111.03,-8.5,0,0.0
DRV-1648,Low-Mileage Weekend Driver,68,22156.0,4584.0,1.43,1.01,3.5,2.2,1.33,3.8,94.7,Elite Safe (Top 15%),1109.4,744.54,364.86,32.9,0,0.0
DRV-1649,Distracted Urbanite,35,28170.0,10745.0,5.9,2.71,14.2,12.0,3.47,17.0,38.8,High Risk (Non-Standard),1296.83,1438.94,-142.11,-11.0,1,5462.04
DRV-1650,Low-Mileage Weekend Driver,49,21713.0,5761.0,2.01,1.45,4.3,2.2,1.21,6.4,90.2,Elite Safe (Top 15%),1094.93,766.54,328.39,30.0,0,0.0
DRV-1651,Safe Commuter,62,46085.0,11884.0,0.36,0.91,1.7,1.0,0.92,2.6,99.8,Elite Safe (Top 15%),1785.8,1272.67,513.13,28.7,0,0.0
DRV-1652,Safe Commuter,41,19350.0,10226.0,1.08,1.2,2.6,1.5,0.69,4.0,98.4,Elite Safe (Top 15%),1015.93,706.06,309.87,30.5,0,0.0
DRV-1653,Safe Commuter,55,26561.0,9903.0,0.33,0.88,2.3,0.3,0.98,4.7,99.4,Elite Safe (Top 15%),1248.19,853.94,394.25,31.6,0,0.0
DRV-1654,Distracted Urbanite,25,29698.0,11534.0,4.84,2.89,14.1,9.6,2.57,8.6,52.0,Elevated Risk (Substandard),1342.12,1398.44,-56.32,-4.2,0,0.0
DRV-1655,Low-Mileage Weekend Driver,52,33259.0,4403.0,2.12,1.68,2.2,1.2,1.1,4.4,93.1,Elite Safe (Top 15%),1444.65,978.09,466.56,32.3,0,0.0
DRV-1656,Aggressive Speedster,23,26075.0,14485.0,6.36,5.42,33.1,6.4,4.43,30.1,31.3,High Risk (Non-Standard),1664.94,2140.57,-475.63,-28.6,0,0.0
DRV-1657,Night Shift Worker,39,41486.0,14815.0,2.24,1.15,6.8,2.4,2.02,50.0,79.1,Low Risk (Preferred),1667.85,1538.57,129.28,7.8,0,0.0
DRV-1658,Low-Mileage Weekend Driver,42,42881.0,6237.0,1.55,1.11,5.6,1.6,0.5,5.8,93.9,Elite Safe (Top 15%),1704.09,1173.52,530.57,31.1,0,0.0
DRV-1659,Aggressive Speedster,19,24383.0,14481.0,8.19,4.96,27.8,8.1,6.5,29.3,27.2,High Risk (Non-Standard),1948.1,2566.22,-618.12,-31.7,0,0.0
DRV-1660,Safe Commuter,38,26384.0,12696.0,0.92,0.67,2.4,0.4,0.31,4.8,99.7,Elite Safe (Top 15%),1242.77,903.03,339.74,27.3,0,0.0
DRV-1661,Night Shift Worker,44,27649.0,15420.0,2.71,1.76,8.9,2.9,1.33,54.9,74.9,Moderate Risk (Standard),1281.19,1241.47,39.72,3.1,0,0.0
DRV-1662,Aggressive Speedster,24,30395.0,14127.0,7.27,6.26,22.0,6.9,6.23,26.4,31.5,High Risk (Non-Standard),1839.4,2340.04,-500.64,-27.2,0,0.0
DRV-1663,Distracted Urbanite,33,38167.0,12691.0,6.1,3.99,8.8,7.2,4.58,14.7,47.3,Elevated Risk (Substandard),1579.86,1751.98,-172.12,-10.9,0,0.0
DRV-1664,Distracted Urbanite,32,18281.0,11934.0,6.27,4.37,17.8,8.0,3.43,9.9,42.5,High Risk (Non-Standard),979.08,1097.34,-118.26,-12.1,0,0.0
DRV-1665,Distracted Urbanite,32,19104.0,10958.0,6.19,3.94,16.1,8.8,4.95,17.7,37.3,High Risk (Non-Standard),1007.51,1135.06,-127.55,-12.7,0,0.0
DRV-1666,Distracted Urbanite,27,23813.0,10036.0,6.75,3.97,9.1,9.2,3.75,9.7,46.9,Elevated Risk (Substandard),1162.65,1201.57,-38.92,-3.3,0,0.0
DRV-1667,Night Shift Worker,35,41468.0,11327.0,1.41,1.08,5.3,2.6,1.27,50.7,84.7,Low Risk (Preferred),1667.38,1348.29,319.09,19.1,0,0.0
DRV-1668,Night Shift Worker,40,27690.0,14403.0,2.61,1.0,6.1,2.8,1.78,60.6,78.2,Low Risk (Preferred),1282.42,1180.59,101.83,7.9,0,0.0
DRV-1669,Low-Mileage Weekend Driver,39,30602.0,5881.0,1.45,1.03,5.0,2.3,0.72,4.7,94.1,Elite Safe (Top 15%),1368.54,936.96,431.58,31.5,0,0.0
DRV-1670,Safe Commuter,40,45510.0,10674.0,1.27,1.13,4.5,0.6,0.75,6.8,96.5,Elite Safe (Top 15%),1771.29,1267.1,504.19,28.5,0,0.0
DRV-1671,Safe Commuter,32,25512.0,12130.0,0.41,0.83,3.8,1.1,0.7,3.7,99.2,Elite Safe (Top 15%),1215.92,876.63,339.29,27.9,0,0.0
DRV-1672,Safe Commuter,49,20870.0,13163.0,1.2,0.87,1.8,0.3,0.68,4.2,99.1,Elite Safe (Top 15%),1067.11,788.27,278.84,26.1,0,0.0
DRV-1673,Safe Commuter,31,19644.0,13584.0,0.72,1.2,3.4,1.5,0.25,6.0,97.6,Elite Safe (Top 15%),1025.93,776.54,249.39,24.3,0,0.0
DRV-1674,Low-Mileage Weekend Driver,38,35987.0,5871.0,1.58,0.95,3.5,1.0,1.25,4.4,96.3,Elite Safe (Top 15%),1520.6,1026.69,493.91,32.5,0,0.0
DRV-1675,Safe Commuter,52,33516.0,11321.0,0.77,0.96,1.4,1.2,0.74,2.1,99.6,Elite Safe (Top 15%),1451.89,1023.4,428.49,29.5,0,0.0
DRV-1676,Safe Commuter,28,30630.0,11976.0,0.37,1.11,1.7,1.1,0.71,3.3,99.6,Elite Safe (Top 15%),1369.35,979.88,389.47,28.4,0,0.0
DRV-1677,Low-Mileage Weekend Driver,47,35510.0,3982.0,0.86,0.75,4.3,1.7,1.15,5.1,96.7,Elite Safe (Top 15%),1507.47,1009.98,497.49,33.0,0,0.0
DRV-1678,Safe Commuter,58,33213.0,10543.0,0.68,0.73,1.0,1.1,0.74,2.3,99.8,Elite Safe (Top 15%),1443.35,997.07,446.28,30.9,0,0.0
DRV-1679,Aggressive Speedster,25,38755.0,16751.0,8.41,6.24,26.6,4.4,4.31,23.1,35.9,High Risk (Non-Standard),1595.63,2111.3,-515.67,-32.3,0,0.0
DRV-1680,Night Shift Worker,45,18111.0,14081.0,1.87,1.19,6.3,3.1,1.05,41.6,81.4,Low Risk (Preferred),973.16,865.28,107.88,11.1,0,0.0
DRV-1681,Safe Commuter,41,47696.0,10195.0,1.11,1.26,2.2,1.4,0.36,2.9,98.3,Elite Safe (Top 15%),1826.14,1269.42,556.72,30.5,0,0.0
DRV-1682,Safe Commuter,29,23974.0,11773.0,0.46,0.8,3.2,1.7,0.49,6.9,97.5,Elite Safe (Top 15%),1167.75,849.08,318.67,27.3,0,0.0
DRV-1683,Safe Commuter,44,18630.0,12594.0,0.67,0.9,1.6,0.2,0.87,6.6,98.9,Elite Safe (Top 15%),991.19,724.34,266.85,26.9,0,0.0
DRV-1684,Low-Mileage Weekend Driver,39,41971.0,4684.0,1.09,1.15,3.5,1.4,0.67,6.2,97.4,Elite Safe (Top 15%),1680.5,1112.88,567.62,33.8,0,0.0
DRV-1685,Low-Mileage Weekend Driver,36,30886.0,3915.0,2.04,0.76,2.8,1.7,1.19,4.9,93.5,Elite Safe (Top 15%),1376.78,938.05,438.73,31.9,0,0.0
DRV-1686,Aggressive Speedster,31,44186.0,18928.0,5.26,5.87,40.2,6.0,3.94,28.5,35.9,High Risk (Non-Standard),1737.62,2421.27,-683.65,-39.3,0,0.0
DRV-1687,Aggressive Speedster,26,37352.0,15674.0,4.83,5.65,37.3,4.4,5.17,27.8,38.5,High Risk (Non-Standard),1557.85,1974.58,-416.73,-26.8,0,0.0
DRV-1688,Low-Mileage Weekend Driver,61,37143.0,4126.0,1.8,1.23,3.9,2.4,0.97,6.5,91.9,Elite Safe (Top 15%),1552.17,1062.2,489.97,31.6,0,0.0
DRV-1689,Night Shift Worker,37,46065.0,12098.0,1.52,2.04,6.0,2.1,2.07,52.1,81.2,Low Risk (Preferred),1785.3,1515.95,269.35,15.1,0,0.0
DRV-1690,Night Shift Worker,32,31535.0,14758.0,1.67,1.62,5.2,1.6,1.61,45.1,83.8,Low Risk (Preferred),1395.52,1234.39,161.13,11.5,0,0.0
DRV-1691,Low-Mileage Weekend Driver,63,43278.0,4610.0,1.34,0.82,2.9,1.9,0.86,3.5,96.9,Elite Safe (Top 15%),1714.33,1137.35,576.98,33.7,0,0.0
DRV-1692,Night Shift Worker,41,27081.0,15633.0,1.36,1.09,4.2,1.9,1.24,44.9,87.0,Low Risk (Preferred),1264.02,1108.03,155.99,12.3,0,0.0
DRV-1693,Night Shift Worker,41,41102.0,11953.0,2.17,1.17,8.3,2.9,1.65,42.8,78.1,Low Risk (Preferred),1657.8,1439.2,218.6,13.2,0,0.0
DRV-1694,Safe Commuter,53,43964.0,13729.0,1.2,1.08,1.0,1.2,0.99,6.8,97.2,Elite Safe (Top 15%),1731.94,1320.4,411.54,23.8,0,0.0
DRV-1695,Distracted Urbanite,27,27392.0,12372.0,5.2,4.31,15.6,12.8,3.65,15.9,37.5,High Risk (Non-Standard),1273.43,1490.29,-216.86,-17.0,0,0.0
DRV-1696,Distracted Urbanite,34,18290.0,11048.0,4.98,3.78,11.7,11.6,2.82,17.4,44.0,High Risk (Non-Standard),979.4,1061.01,-81.61,-8.3,0,0.0
DRV-1697,Distracted Urbanite,31,35027.0,11127.0,4.9,4.23,15.6,12.5,3.25,13.9,40.3,High Risk (Non-Standard),1494.11,1660.36,-166.25,-11.1,1,1429.23
DRV-1698,Aggressive Speedster,24,19911.0,18546.0,7.7,7.2,35.2,6.3,4.83,31.1,30.7,High Risk (Non-Standard),1397.22,1993.37,-596.15,-42.7,0,0.0
DRV-1699,Low-Mileage Weekend Driver,53,38671.0,5493.0,1.43,1.67,2.4,1.0,1.05,3.2,96.5,Elite Safe (Top 15%),1593.39,1069.94,523.45,32.9,0,0.0
DRV-1700,Safe Commuter,32,18331.0,13557.0,0.72,0.59,2.0,1.0,0.56,3.8,100.0,Elite Safe (Top 15%),980.82,724.26,256.56,26.2,0,0.0
DRV-1701,Aggressive Speedster,25,21898.0,15256.0,4.94,5.88,33.0,4.4,6.38,29.7,38.1,High Risk (Non-Standard),1100.99,1384.45,-283.46,-25.7,0,0.0
DRV-1702,Low-Mileage Weekend Driver,62,47733.0,4056.0,1.61,0.97,2.8,2.0,0.96,4.2,95.4,Elite Safe (Top 15%),1827.06,1230.22,596.84,32.7,0,0.0
DRV-1703,Distracted Urbanite,28,44430.0,12629.0,6.5,4.52,12.6,11.6,4.34,10.9,37.3,High Risk (Non-Standard),1743.85,2057.64,-313.79,-18.0,0,0.0
DRV-1704,Distracted Urbanite,30,29540.0,11955.0,6.22,4.45,12.2,8.4,4.04,12.3,43.6,High Risk (Non-Standard),1337.48,1489.43,-151.95,-11.4,0,0.0
DRV-1705,Night Shift Worker,30,45489.0,12968.0,2.71,1.29,8.4,2.0,1.75,43.8,77.0,Low Risk (Preferred),1770.76,1590.67,180.09,10.2,0,0.0
DRV-1706,Distracted Urbanite,27,41385.0,14544.0,4.86,4.25,9.2,9.9,4.39,13.0,47.1,Elevated Risk (Substandard),1665.21,1940.01,-274.8,-16.5,0,0.0
DRV-1707,Safe Commuter,41,43673.0,11530.0,0.81,0.47,3.4,1.4,0.5,5.7,98.3,Elite Safe (Top 15%),1724.48,1237.14,487.34,28.3,0,0.0
DRV-1708,Safe Commuter,35,39407.0,12545.0,0.45,1.0,2.6,0.9,0.27,5.3,99.5,Elite Safe (Top 15%),1613.03,1170.43,442.6,27.4,0,0.0
DRV-1709,Low-Mileage Weekend Driver,49,20328.0,6445.0,1.04,0.62,2.4,1.3,1.03,5.3,98.4,Elite Safe (Top 15%),1049.02,702.61,346.41,33.0,0,0.0
DRV-1710,Night Shift Worker,33,37044.0,13203.0,1.48,1.86,8.5,2.6,1.53,36.4,80.1,Low Risk (Preferred),1549.48,1364.23,185.25,12.0,0,0.0
DRV-1711,Night Shift Worker,30,29239.0,12953.0,1.69,1.06,4.0,3.0,1.92,62.9,82.6,Low Risk (Preferred),1328.6,1138.25,190.35,14.3,0,0.0
DRV-1712,Safe Commuter,54,43062.0,9140.0,0.32,1.14,3.4,0.3,0.97,2.5,99.1,Elite Safe (Top 15%),1708.76,1165.44,543.32,31.8,0,0.0
DRV-1713,Distracted Urbanite,22,46168.0,12078.0,3.86,3.25,13.6,8.5,3.02,13.4,54.9,Elevated Risk (Substandard),2413.66,2502.02,-88.36,-3.7,1,1810.18
DRV-1714,Low-Mileage Weekend Driver,43,36717.0,3552.0,1.72,0.61,2.9,1.2,1.16,4.7,95.8,Elite Safe (Top 15%),1540.58,1045.48,495.1,32.1,0,0.0
DRV-1715,Aggressive Speedster,25,23144.0,16412.0,6.9,7.44,24.3,7.2,6.47,29.5,29.2,High Risk (Non-Standard),1141.31,1560.58,-419.27,-36.7,0,0.0
DRV-1716,Night Shift Worker,48,43547.0,14390.0,2.76,1.83,5.7,2.8,2.06,44.5,75.7,Low Risk (Preferred),1721.25,1617.32,103.93,6.0,0,0.0
DRV-1717,Safe Commuter,56,44903.0,10912.0,1.0,0.61,3.1,1.8,0.39,5.1,98.1,Elite Safe (Top 15%),1755.9,1243.99,511.91,29.2,0,0.0
DRV-1718,Distracted Urbanite,28,45702.0,13099.0,3.7,3.36,11.0,8.2,3.01,8.4,59.7,Elevated Risk (Substandard),1776.14,1827.99,-51.85,-2.9,0,0.0
DRV-1719,Aggressive Speedster,30,42381.0,21019.0,5.04,5.11,40.1,4.2,5.94,22.1,39.1,High Risk (Non-Standard),1691.15,2419.88,-728.73,-43.1,0,0.0
DRV-1720,Safe Commuter,49,24673.0,10714.0,0.53,0.45,4.2,1.8,0.84,5.5,97.0,Elite Safe (Top 15%),1189.77,847.88,341.89,28.7,0,0.0
DRV-1721,Low-Mileage Weekend Driver,43,24127.0,5048.0,0.81,1.64,2.3,1.1,1.13,3.8,97.9,Elite Safe (Top 15%),1172.59,777.27,395.32,33.7,0,0.0
DRV-1722,Night Shift Worker,37,25469.0,12182.0,1.33,1.87,5.6,2.9,1.29,40.3,82.7,Low Risk (Preferred),1214.59,1020.42,194.17,16.0,0,0.0
DRV-1723,Low-Mileage Weekend Driver,44,33159.0,4452.0,1.89,0.7,5.9,1.5,0.67,5.6,92.8,Elite Safe (Top 15%),1441.82,977.05,464.77,32.2,0,0.0
DRV-1724,Distracted Urbanite,36,39799.0,10099.0,4.76,4.46,15.6,14.4,3.99,9.5,40.7,High Risk (Non-Standard),1623.44,1747.74,-124.3,-7.7,0,0.0
DRV-1725,Low-Mileage Weekend Driver,61,18125.0,4491.0,1.59,1.18,3.3,2.0,0.7,8.5,93.5,Elite Safe (Top 15%),973.65,656.97,316.68,32.5,0,0.0
DRV-1726,Distracted Urbanite,32,35649.0,12457.0,6.55,4.66,17.7,10.0,3.72,14.4,36.1,High Risk (Non-Standard),1511.3,1788.08,-276.78,-18.3,0,0.0
DRV-1727,Safe Commuter,35,33288.0,10924.0,0.92,0.57,2.5,0.6,0.93,5.6,99.1,Elite Safe (Top 15%),1445.46,1014.44,431.02,29.8,0,0.0
DRV-1728,Night Shift Worker,27,38293.0,14255.0,2.68,1.88,5.2,1.6,1.98,53.9,78.6,Low Risk (Preferred),1583.24,1447.57,135.67,8.6,0,0.0
DRV-1729,Night Shift Worker,40,21502.0,14027.0,2.71,1.18,5.2,2.7,1.8,39.8,78.2,Low Risk (Preferred),1088.01,992.74,95.27,8.8,0,0.0
DRV-1730,Distracted Urbanite,33,25586.0,11988.0,5.43,4.57,13.2,8.5,3.56,16.3,44.1,High Risk (Non-Standard),1218.21,1353.49,-135.28,-11.1,0,0.0
DRV-1731,Aggressive Speedster,29,35178.0,21093.0,6.84,6.57,39.3,9.5,6.15,16.9,27.6,High Risk (Non-Standard),1498.29,2309.34,-811.05,-54.1,0,0.0
DRV-1732,Distracted Urbanite,29,20095.0,13744.0,6.57,3.42,11.1,14.9,4.54,8.0,40.6,High Risk (Non-Standard),1041.18,1239.62,-198.44,-19.1,0,0.0
DRV-1733,Low-Mileage Weekend Driver,50,31520.0,6066.0,1.04,1.05,4.8,1.1,0.68,8.7,96.5,Elite Safe (Top 15%),1395.09,942.68,452.41,32.4,0,0.0
DRV-1734,Safe Commuter,31,21276.0,12750.0,1.19,0.57,4.4,1.6,0.55,6.6,96.1,Elite Safe (Top 15%),1080.56,814.56,266.0,24.6,0,0.0
DRV-1735,Safe Commuter,33,19832.0,10889.0,0.6,0.71,3.0,1.0,0.74,2.5,100.0,Elite Safe (Top 15%),1032.31,717.53,314.78,30.5,0,0.0
DRV-1736,Safe Commuter,30,32197.0,9484.0,0.87,0.41,3.1,1.8,0.81,6.7,97.4,Elite Safe (Top 15%),1414.49,982.51,431.98,30.5,0,0.0
DRV-1737,Low-Mileage Weekend Driver,55,47259.0,5887.0,1.28,0.98,3.0,1.4,0.9,6.7,96.9,Elite Safe (Top 15%),1815.24,1221.18,594.06,32.7,0,0.0
DRV-1738,Distracted Urbanite,21,26384.0,12285.0,5.8,4.17,16.9,8.1,4.0,16.7,40.5,High Risk (Non-Standard),1677.74,1922.58,-244.84,-14.6,0,0.0
DRV-1739,Distracted Urbanite,32,46258.0,12260.0,5.76,4.5,13.1,12.3,2.51,14.4,39.4,High Risk (Non-Standard),1790.16,2064.17,-274.01,-15.3,0,0.0
DRV-1740,Night Shift Worker,26,28450.0,15848.0,2.38,1.81,5.2,2.5,1.89,58.8,78.5,Low Risk (Preferred),1305.19,1239.31,65.88,5.0,0,0.0
DRV-1741,Aggressive Speedster,26,33602.0,21895.0,7.93,7.17,38.9,5.8,4.33,17.4,35.4,High Risk (Non-Standard),1454.31,2172.74,-718.43,-49.4,0,0.0
DRV-1742,Aggressive Speedster,27,44892.0,14254.0,6.49,4.3,41.1,10.0,6.47,22.9,25.8,High Risk (Non-Standard),1755.62,2317.84,-562.22,-32.0,0,0.0
DRV-1743,Low-Mileage Weekend Driver,66,22807.0,4343.0,1.1,1.5,4.6,1.0,0.93,7.3,95.9,Elite Safe (Top 15%),1130.48,755.27,375.21,33.2,0,0.0
DRV-1744,Aggressive Speedster,31,37006.0,16243.0,7.38,6.33,43.9,8.0,5.6,30.7,27.3,High Risk (Non-Standard),1548.45,2132.49,-584.04,-37.7,0,0.0
DRV-1745,Distracted Urbanite,31,40080.0,14360.0,6.57,4.26,14.0,12.2,3.44,15.2,36.2,High Risk (Non-Standard),1630.88,2028.31,-397.43,-24.4,0,0.0
DRV-1746,Night Shift Worker,51,40339.0,15042.0,1.56,1.14,4.4,1.7,1.89,63.1,85.1,Low Risk (Preferred),1637.73,1441.29,196.44,12.0,0,0.0
DRV-1747,Low-Mileage Weekend Driver,52,27589.0,6839.0,1.61,0.6,2.2,1.7,1.35,8.9,93.4,Elite Safe (Top 15%),1279.38,891.01,388.37,30.4,0,0.0
DRV-1748,Night Shift Worker,32,46287.0,13599.0,2.16,1.27,6.0,2.6,1.55,39.3,80.3,Low Risk (Preferred),1790.89,1589.14,201.75,11.3,0,0.0
DRV-1749,Low-Mileage Weekend Driver,61,33071.0,4016.0,1.2,1.5,5.4,2.2,0.53,4.9,93.9,Elite Safe (Top 15%),1439.33,977.03,462.3,32.1,0,0.0
DRV-1750,Safe Commuter,58,39503.0,12155.0,0.54,0.66,4.4,0.3,0.85,2.8,98.9,Elite Safe (Top 15%),1615.58,1168.91,446.67,27.6,0,0.0
DRV-1751,Aggressive Speedster,22,37778.0,19603.0,4.71,7.03,26.1,6.9,4.86,31.7,34.7,High Risk (Non-Standard),2118.65,3021.31,-902.66,-42.6,0,0.0
DRV-1752,Aggressive Speedster,27,26471.0,17138.0,6.19,5.66,30.0,6.3,3.99,27.4,32.3,High Risk (Non-Standard),1245.43,1701.18,-455.75,-36.6,0,0.0
DRV-1753,Distracted Urbanite,38,31726.0,11969.0,3.93,4.23,13.8,13.4,4.62,15.1,42.5,High Risk (Non-Standard),1401.01,1571.74,-170.73,-12.2,0,0.0
DRV-1754,Safe Commuter,58,35270.0,10455.0,0.46,0.6,3.6,1.4,0.21,5.6,98.2,Elite Safe (Top 15%),1500.84,1050.81,450.03,30.0,0,0.0
DRV-1755,Aggressive Speedster,21,46352.0,17012.0,8.43,6.38,25.9,4.3,4.76,23.1,35.2,High Risk (Non-Standard),2419.91,3236.54,-816.63,-33.7,1,3842.92
DRV-1756,Safe Commuter,55,46637.0,13849.0,0.99,0.76,1.1,0.6,0.59,5.4,99.5,Elite Safe (Top 15%),1799.68,1344.3,455.38,25.3,0,0.0
DRV-1757,Low-Mileage Weekend Driver,37,20479.0,6222.0,2.01,1.38,3.1,1.9,0.87,3.7,93.4,Elite Safe (Top 15%),1054.07,728.11,325.96,30.9,0,0.0
DRV-1758,Night Shift Worker,38,32526.0,11115.0,2.12,1.69,5.4,3.0,1.95,40.4,78.6,Low Risk (Preferred),1423.87,1205.28,218.59,15.4,0,0.0
DRV-1759,Low-Mileage Weekend Driver,68,29814.0,3938.0,1.26,1.46,5.4,1.7,0.91,7.2,93.6,Elite Safe (Top 15%),1345.53,915.91,429.62,31.9,0,0.0
DRV-1760,Distracted Urbanite,37,46970.0,12443.0,5.21,3.84,15.1,13.3,2.81,15.5,40.5,High Risk (Non-Standard),1808.02,2080.76,-272.74,-15.1,0,0.0
DRV-1761,Safe Commuter,39,25703.0,9027.0,0.79,0.68,1.1,1.1,0.72,2.4,99.8,Elite Safe (Top 15%),1221.83,827.42,394.41,32.3,0,0.0
DRV-1762,Safe Commuter,35,46386.0,11531.0,0.7,0.89,2.5,1.7,0.2,3.5,98.7,Elite Safe (Top 15%),1793.38,1281.57,511.81,28.5,0,0.0
DRV-1763,Distracted Urbanite,38,24295.0,12225.0,5.4,4.1,13.2,14.9,3.38,13.4,40.3,High Risk (Non-Standard),1177.89,1349.28,-171.39,-14.6,1,7996.63
DRV-1764,Safe Commuter,40,39873.0,9708.0,1.24,0.59,1.5,1.1,0.67,3.4,98.9,Elite Safe (Top 15%),1625.4,1115.71,509.69,31.4,0,0.0
DRV-1765,Low-Mileage Weekend Driver,48,34077.0,4836.0,2.07,1.08,2.3,1.2,0.93,7.2,93.7,Elite Safe (Top 15%),1467.64,993.6,474.04,32.3,0,0.0
DRV-1766,Distracted Urbanite,27,41634.0,13572.0,5.36,3.99,13.1,8.3,4.55,11.2,46.1,Elevated Risk (Substandard),1671.71,1912.25,-240.54,-14.4,0,0.0
DRV-1767,Aggressive Speedster,22,28006.0,14620.0,5.0,4.38,34.6,4.4,5.53,21.2,40.5,High Risk (Non-Standard),1744.08,2125.35,-381.27,-21.9,0,0.0
DRV-1768,Aggressive Speedster,22,33794.0,16189.0,4.89,7.43,27.1,9.7,5.91,17.1,31.6,High Risk (Non-Standard),1970.61,2640.97,-670.36,-34.0,0,0.0
DRV-1769,Night Shift Worker,55,27540.0,11478.0,1.76,1.69,5.4,2.0,1.12,36.4,83.4,Low Risk (Preferred),1277.9,1048.84,229.06,17.9,0,0.0
DRV-1770,Safe Commuter,62,37727.0,11758.0,1.27,0.76,3.1,0.6,0.75,5.6,98.2,Elite Safe (Top 15%),1567.99,1131.95,436.04,27.8,0,0.0
DRV-1771,Night Shift Worker,41,23493.0,11264.0,2.36,2.17,7.5,2.0,1.73,56.2,77.4,Low Risk (Preferred),1152.47,988.86,163.61,14.2,0,0.0
DRV-1772,Distracted Urbanite,37,20608.0,11434.0,6.64,3.7,15.2,14.4,3.07,14.4,37.4,High Risk (Non-Standard),1058.38,1207.71,-149.33,-14.1,0,0.0
DRV-1773,Distracted Urbanite,23,45888.0,13173.0,3.75,3.05,8.9,11.6,2.71,10.9,55.1,Elevated Risk (Substandard),2404.13,2561.04,-156.91,-6.5,0,0.0
DRV-1774,Safe Commuter,55,21741.0,12385.0,1.33,0.52,2.7,1.3,0.74,4.7,97.9,Elite Safe (Top 15%),1095.85,804.95,290.9,26.5,1,1685.98
DRV-1775,Distracted Urbanite,21,44410.0,13571.0,5.82,4.22,10.4,12.9,4.88,16.2,36.5,High Risk (Non-Standard),2353.51,2861.94,-508.43,-21.6,0,0.0
DRV-1776,Night Shift Worker,52,33411.0,15823.0,2.28,2.06,6.6,2.0,1.09,60.2,79.8,Low Risk (Preferred),1448.93,1359.79,89.14,6.2,0,0.0
DRV-1777,Low-Mileage Weekend Driver,56,26702.0,4097.0,2.16,1.01,4.7,2.2,1.35,8.1,89.3,Elite Safe (Top 15%),1252.49,868.42,384.07,30.7,0,0.0
DRV-1778,Safe Commuter,28,19063.0,12690.0,0.93,0.6,2.1,1.7,0.71,6.1,97.9,Elite Safe (Top 15%),1006.11,744.18,261.93,26.0,0,0.0
DRV-1779,Night Shift Worker,55,30062.0,11287.0,1.21,1.55,5.5,1.7,1.42,56.7,85.8,Low Risk (Preferred),1352.79,1082.48,270.31,20.0,1,3166.83
DRV-1780,Safe Commuter,61,29861.0,11572.0,0.47,0.51,2.7,0.4,0.73,3.1,100.0,Elite Safe (Top 15%),1346.91,951.15,395.76,29.4,0,0.0
DRV-1781,Low-Mileage Weekend Driver,43,18174.0,5377.0,1.18,1.79,4.6,1.5,0.64,7.5,94.3,Elite Safe (Top 15%),975.36,662.72,312.64,32.1,0,0.0
DRV-1782,Distracted Urbanite,24,32379.0,10948.0,3.63,3.41,15.4,14.2,2.9,10.0,49.4,Elevated Risk (Substandard),1916.57,1999.46,-82.89,-4.3,0,0.0
DRV-1783,Safe Commuter,54,39780.0,11445.0,0.85,1.01,1.4,1.4,0.82,4.0,99.2,Elite Safe (Top 15%),1622.94,1151.79,471.15,29.0,0,0.0
DRV-1784,Distracted Urbanite,25,38349.0,10549.0,3.86,2.55,9.6,11.0,4.42,10.4,53.1,Elevated Risk (Substandard),1584.75,1595.36,-10.61,-0.7,0,0.0
DRV-1785,Aggressive Speedster,30,23606.0,14064.0,6.42,4.99,23.9,6.6,5.47,27.4,30.6,High Risk (Non-Standard),1156.07,1476.24,-320.17,-27.7,0,0.0
DRV-1786,Safe Commuter,44,33070.0,13971.0,0.57,1.14,1.7,1.3,0.85,5.5,98.5,Elite Safe (Top 15%),1439.3,1088.95,350.35,24.3,0,0.0
DRV-1787,Aggressive Speedster,28,18530.0,19031.0,5.09,4.42,31.2,5.6,4.32,17.5,40.6,High Risk (Non-Standard),987.73,1338.39,-350.66,-35.5,0,0.0
DRV-1788,Aggressive Speedster,25,37316.0,17258.0,5.73,6.22,27.3,6.0,5.09,23.7,32.5,High Risk (Non-Standard),1556.87,2130.16,-573.29,-36.8,0,0.0
DRV-1789,Safe Commuter,45,27649.0,13715.0,1.08,0.62,4.1,0.5,0.2,5.3,98.4,Elite Safe (Top 15%),1281.19,964.84,316.35,24.7,0,0.0
DRV-1790,Safe Commuter,34,41114.0,11155.0,0.58,0.84,2.2,0.4,0.74,5.4,99.5,Elite Safe (Top 15%),1658.11,1165.4,492.71,29.7,0,0.0
DRV-1791,Low-Mileage Weekend Driver,55,21191.0,6100.0,1.62,1.33,3.0,1.3,1.08,3.5,95.8,Elite Safe (Top 15%),1077.75,731.89,345.86,32.1,0,0.0
DRV-1792,Night Shift Worker,26,34397.0,13933.0,2.66,1.79,5.0,2.9,2.11,37.2,76.4,Low Risk (Preferred),1476.59,1364.5,112.09,7.6,0,0.0
DRV-1793,Distracted Urbanite,27,43383.0,12668.0,4.01,2.79,12.2,12.7,4.73,15.6,45.8,Elevated Risk (Substandard),1717.03,1921.71,-204.68,-11.9,0,0.0
DRV-1794,Safe Commuter,51,18656.0,11242.0,1.09,1.22,1.2,0.9,0.95,4.5,98.7,Elite Safe (Top 15%),992.09,704.21,287.88,29.0,0,0.0
DRV-1795,Night Shift Worker,32,33974.0,12448.0,2.73,1.07,8.9,1.9,1.98,49.9,76.8,Low Risk (Preferred),1464.76,1301.15,163.61,11.2,0,0.0
DRV-1796,Safe Commuter,56,24534.0,12754.0,0.72,1.1,2.4,0.6,0.35,2.8,99.8,Elite Safe (Top 15%),1185.41,861.6,323.81,27.3,0,0.0
DRV-1797,Aggressive Speedster,31,21573.0,18102.0,6.52,6.52,28.0,9.1,4.6,19.6,28.1,High Risk (Non-Standard),1090.34,1563.82,-473.48,-43.4,0,0.0
DRV-1798,Low-Mileage Weekend Driver,50,25470.0,3637.0,1.01,1.66,5.7,1.3,1.29,6.9,94.1,Elite Safe (Top 15%),1214.62,829.44,385.18,31.7,0,0.0
DRV-1799,Low-Mileage Weekend Driver,32,22008.0,5770.0,1.69,1.77,3.3,2.4,1.38,4.6,91.6,Elite Safe (Top 15%),1104.58,766.8,337.78,30.6,0,0.0
DRV-1800,Safe Commuter,31,37720.0,12130.0,0.31,0.72,3.6,0.6,0.4,2.1,99.6,Elite Safe (Top 15%),1567.8,1125.84,441.96,28.2,0,0.0
DRV-1801,Aggressive Speedster,28,42505.0,14852.0,7.48,5.34,37.0,9.2,5.51,24.4,25.3,High Risk (Non-Standard),1694.36,2278.86,-584.5,-34.5,0,0.0
DRV-1802,Safe Commuter,53,23551.0,9778.0,0.55,1.05,2.3,1.6,0.27,2.9,98.8,Elite Safe (Top 15%),1154.32,793.41,360.91,31.3,0,0.0
DRV-1803,Safe Commuter,59,23635.0,13717.0,0.5,0.65,2.1,1.6,0.85,5.4,98.3,Elite Safe (Top 15%),1156.99,872.22,284.77,24.6,0,0.0
DRV-1804,Low-Mileage Weekend Driver,61,29336.0,6682.0,2.16,0.72,4.1,2.0,1.31,6.6,90.8,Elite Safe (Top 15%),1331.47,941.87,389.6,29.3,1,8158.13
DRV-1805,Distracted Urbanite,22,41750.0,10661.0,6.04,3.12,17.4,11.8,4.48,8.1,37.1,High Risk (Non-Standard),2260.9,2528.76,-267.86,-11.8,0,0.0
DRV-1806,Distracted Urbanite,23,19676.0,11012.0,5.09,3.79,12.4,8.3,3.33,9.5,51.0,Elevated Risk (Substandard),1386.48,1433.75,-47.27,-3.4,0,0.0
DRV-1807,Night Shift Worker,31,24729.0,11106.0,1.27,1.65,4.5,3.3,1.5,35.0,83.0,Low Risk (Preferred),1191.53,972.2,219.33,18.4,0,0.0
DRV-1808,Low-Mileage Weekend Driver,54,23087.0,5794.0,1.12,1.65,3.5,2.3,1.32,3.7,94.5,Elite Safe (Top 15%),1139.49,777.39,362.1,31.8,0,0.0
DRV-1809,Safe Commuter,46,23342.0,10787.0,0.98,0.51,4.2,1.7,0.92,5.0,97.2,Elite Safe (Top 15%),1147.65,817.72,329.93,28.7,0,0.0
DRV-1810,Night Shift Worker,51,37852.0,11751.0,2.27,1.36,8.1,2.2,1.12,62.5,79.7,Low Risk (Preferred),1571.37,1339.52,231.85,14.8,0,0.0
DRV-1811,Distracted Urbanite,23,41906.0,13944.0,6.34,4.75,15.8,8.2,2.87,12.5,42.9,High Risk (Non-Standard),2266.38,2672.75,-406.37,-17.9,0,0.0
DRV-1812,Distracted Urbanite,24,27579.0,12889.0,6.67,3.14,8.9,15.0,2.95,11.9,44.3,High Risk (Non-Standard),1726.75,1962.99,-236.24,-13.7,0,0.0
DRV-1813,Night Shift Worker,50,34162.0,14009.0,2.22,1.17,8.7,3.3,1.46,51.5,77.2,Low Risk (Preferred),1470.02,1351.94,118.08,8.0,0,0.0
DRV-1814,Low-Mileage Weekend Driver,46,25056.0,4846.0,1.61,1.11,4.3,2.0,1.25,7.2,92.5,Elite Safe (Top 15%),1201.75,819.0,382.75,31.8,1,22221.42
DRV-1815,Safe Commuter,58,26841.0,13788.0,1.31,0.45,2.2,1.6,0.89,6.1,96.7,Elite Safe (Top 15%),1256.72,964.11,292.61,23.3,0,0.0
DRV-1816,Aggressive Speedster,25,18790.0,15940.0,7.81,4.2,25.2,9.8,5.7,21.4,27.0,High Risk (Non-Standard),996.72,1364.69,-367.97,-36.9,0,0.0
DRV-1817,Low-Mileage Weekend Driver,38,20312.0,5820.0,0.9,1.6,5.5,0.9,0.87,3.5,96.8,Elite Safe (Top 15%),1048.48,705.22,343.26,32.7,0,0.0
DRV-1818,Distracted Urbanite,25,31319.0,13827.0,5.05,2.82,13.3,14.6,3.68,15.2,42.9,High Risk (Non-Standard),1389.3,1633.44,-244.14,-17.6,0,0.0
DRV-1819,Safe Commuter,35,38397.0,9779.0,1.27,0.43,3.6,1.0,0.21,6.2,97.6,Elite Safe (Top 15%),1586.04,1102.55,483.49,30.5,0,0.0
DRV-1820,Night Shift Worker,40,47338.0,15596.0,2.0,1.85,6.1,1.8,2.17,50.6,80.0,Low Risk (Preferred),1817.22,1693.72,123.5,6.8,0,0.0
DRV-1821,Safe Commuter,31,27396.0,10095.0,0.5,1.07,3.0,1.5,0.85,4.3,98.7,Elite Safe (Top 15%),1273.55,879.78,393.77,30.9,0,0.0
DRV-1822,Distracted Urbanite,26,28064.0,10273.0,4.73,3.48,10.7,7.8,3.41,15.8,52.7,Elevated Risk (Substandard),1293.65,1295.79,-2.14,-0.2,0,0.0
DRV-1823,Safe Commuter,34,26075.0,9327.0,0.96,1.08,2.1,1.1,0.71,2.2,99.7,Elite Safe (Top 15%),1233.29,837.7,395.59,32.1,0,0.0
DRV-1824,Night Shift Worker,54,23847.0,11228.0,1.7,2.13,4.0,2.2,1.34,46.9,83.0,Low Risk (Preferred),1163.73,952.42,211.31,18.2,0,0.0
DRV-1825,Distracted Urbanite,25,35615.0,13513.0,3.82,3.44,15.4,7.8,4.52,9.5,53.3,Elevated Risk (Substandard),1510.36,1643.44,-133.08,-8.8,0,0.0
DRV-1826,Night Shift Worker,26,42224.0,12451.0,1.44,1.56,8.4,1.7,1.86,61.5,81.9,Low Risk (Preferred),1687.07,1436.47,250.6,14.9,0,0.0
DRV-1827,Distracted Urbanite,26,21936.0,14967.0,5.16,4.78,14.1,11.2,4.42,12.5,39.0,High Risk (Non-Standard),1102.23,1368.1,-265.87,-24.1,0,0.0
DRV-1828,Night Shift Worker,51,35007.0,11200.0,2.34,1.82,5.2,3.5,1.73,63.7,77.1,Low Risk (Preferred),1493.55,1282.52,211.03,14.1,0,0.0
DRV-1829,Safe Commuter,28,27412.0,9713.0,1.26,0.89,4.4,1.5,0.27,2.5,97.0,Elite Safe (Top 15%),1274.04,889.99,384.05,30.1,0,0.0
DRV-1830,Safe Commuter,45,40894.0,11883.0,0.69,0.46,3.5,0.9,0.99,6.9,98.2,Elite Safe (Top 15%),1652.34,1196.29,456.05,27.6,0,0.0
DRV-1831,Aggressive Speedster,20,31225.0,21773.0,6.45,5.27,28.6,6.5,5.47,26.6,30.0,High Risk (Non-Standard),2287.87,3527.24,-1239.37,-54.2,0,0.0
DRV-1832,Night Shift Worker,44,37316.0,12868.0,2.29,1.61,5.3,3.3,1.82,53.6,77.8,Low Risk (Preferred),1556.87,1385.96,170.91,11.0,0,0.0
DRV-1833,Safe Commuter,28,38075.0,9773.0,0.42,0.74,3.0,1.6,0.38,6.4,98.0,Elite Safe (Top 15%),1577.38,1092.27,485.11,30.8,0,0.0
DRV-1834,Low-Mileage Weekend Driver,66,23984.0,6650.0,1.45,0.7,4.9,2.4,1.42,7.6,91.7,Elite Safe (Top 15%),1168.07,820.93,347.14,29.7,0,0.0
DRV-1835,Safe Commuter,59,24404.0,10063.0,1.12,0.5,2.6,1.1,0.96,2.7,99.0,Elite Safe (Top 15%),1181.33,813.1,368.23,31.2,0,0.0
DRV-1836,Aggressive Speedster,31,46579.0,17042.0,8.25,5.27,31.9,6.8,3.95,29.8,31.5,High Risk (Non-Standard),1798.22,2462.6,-664.38,-36.9,0,0.0
DRV-1837,Safe Commuter,39,38089.0,9418.0,0.38,0.76,2.0,1.3,0.9,4.6,99.0,Elite Safe (Top 15%),1577.76,1079.59,498.17,31.6,0,0.0
DRV-1838,Distracted Urbanite,23,34065.0,14475.0,4.91,4.72,11.0,8.6,4.85,12.8,46.2,Elevated Risk (Substandard),1980.86,2317.52,-336.66,-17.0,0,0.0
DRV-1839,Aggressive Speedster,25,38039.0,16838.0,7.27,5.36,22.2,8.7,5.41,16.3,31.4,High Risk (Non-Standard),1576.41,2149.42,-573.01,-36.3,0,0.0
DRV-1840,Safe Commuter,48,25884.0,9071.0,1.29,1.24,2.7,0.7,0.83,5.4,97.8,Elite Safe (Top 15%),1227.41,846.49,380.92,31.0,0,0.0
DRV-1841,Aggressive Speedster,32,38893.0,20858.0,7.04,6.24,35.3,4.2,5.81,18.2,36.8,High Risk (Non-Standard),1599.32,2314.73,-715.41,-44.7,0,0.0
DRV-1842,Night Shift Worker,37,44900.0,12740.0,2.72,2.17,6.9,1.5,1.98,35.5,76.8,Low Risk (Preferred),1755.82,1571.01,184.81,10.5,0,0.0
DRV-1843,Aggressive Speedster,30,28075.0,17993.0,8.5,5.45,30.1,9.0,4.95,31.6,25.5,High Risk (Non-Standard),1293.98,1880.08,-586.1,-45.3,0,0.0
DRV-1844,Low-Mileage Weekend Driver,55,26497.0,4119.0,1.63,1.25,3.5,2.2,1.19,5.6,93.1,Elite Safe (Top 15%),1246.23,847.8,398.43,32.0,0,0.0
DRV-1845,Aggressive Speedster,32,40498.0,14794.0,4.85,6.93,24.1,4.1,6.32,16.8,42.7,High Risk (Non-Standard),1641.92,1981.49,-339.57,-20.7,0,0.0
DRV-1846,Low-Mileage Weekend Driver,60,21435.0,5262.0,1.93,1.4,5.4,1.2,1.28,6.3,91.6,Elite Safe (Top 15%),1085.8,748.26,337.54,31.1,0,0.0
DRV-1847,Aggressive Speedster,24,29239.0,21741.0,8.16,5.45,40.9,8.2,5.8,15.1,30.7,High Risk (Non-Standard),1793.62,2751.31,-957.69,-53.4,0,0.0
DRV-1848,Safe Commuter,44,18787.0,10537.0,1.29,1.22,3.4,0.2,0.93,2.2,97.9,Elite Safe (Top 15%),996.62,701.17,295.45,29.6,0,0.0
DRV-1849,Distracted Urbanite,37,23780.0,14100.0,5.48,3.27,17.6,14.9,3.1,17.7,37.3,High Risk (Non-Standard),1161.6,1425.17,-263.57,-22.7,0,0.0
DRV-1850,Distracted Urbanite,34,20987.0,10644.0,5.6,4.75,9.7,14.2,3.79,12.4,40.3,High Risk (Non-Standard),1071.0,1174.05,-103.05,-9.6,0,0.0
DRV-1851,Low-Mileage Weekend Driver,68,20798.0,6245.0,1.98,1.35,3.0,1.7,1.45,4.2,92.8,Elite Safe (Top 15%),1064.72,738.64,326.08,30.6,0,0.0
DRV-1852,Night Shift Worker,33,31611.0,11139.0,2.33,2.1,4.4,2.3,1.89,38.9,79.0,Low Risk (Preferred),1397.7,1179.99,217.71,15.6,0,0.0
DRV-1853,Low-Mileage Weekend Driver,47,25814.0,5784.0,1.11,0.83,5.4,2.0,1.31,5.3,94.5,Elite Safe (Top 15%),1225.25,835.66,389.59,31.8,0,0.0
DRV-1854,Safe Commuter,37,26474.0,12137.0,1.0,0.92,1.4,0.9,0.68,2.5,100.0,Elite Safe (Top 15%),1245.53,890.99,354.54,28.5,0,0.0
DRV-1855,Safe Commuter,59,36770.0,13223.0,1.3,0.59,1.4,1.5,0.53,4.4,97.7,Elite Safe (Top 15%),1542.02,1156.65,385.37,25.0,0,0.0
DRV-1856,Low-Mileage Weekend Driver,52,43644.0,5717.0,1.43,0.79,3.2,2.3,1.16,6.8,94.0,Elite Safe (Top 15%),1723.74,1178.44,545.3,31.6,0,0.0
DRV-1857,Safe Commuter,50,18887.0,11420.0,0.98,0.89,1.6,1.4,0.94,3.0,99.0,Elite Safe (Top 15%),1000.06,710.72,289.34,28.9,1,3811.05
DRV-1858,Safe Commuter,51,32447.0,9574.0,0.54,0.69,1.8,1.4,0.95,3.3,99.0,Elite Safe (Top 15%),1421.62,973.95,447.67,31.5,0,0.0
DRV-1859,Safe Commuter,46,43381.0,11335.0,1.19,0.79,4.3,1.7,0.4,3.0,97.0,Elite Safe (Top 15%),1716.98,1241.71,475.27,27.7,0,0.0
DRV-1860,Aggressive Speedster,20,30712.0,18669.0,7.57,5.09,40.3,9.7,5.12,30.0,24.2,High Risk (Non-Standard),2263.36,3367.76,-1104.4,-48.8,0,0.0
DRV-1861,Distracted Urbanite,24,19013.0,13036.0,4.92,3.8,11.7,12.1,2.66,9.7,46.7,Elevated Risk (Substandard),1355.93,1523.42,-167.49,-12.4,0,0.0
DRV-1862,Night Shift Worker,42,30882.0,14019.0,2.6,2.14,6.7,2.3,1.14,59.3,77.6,Low Risk (Preferred),1376.67,1262.19,114.48,8.3,0,0.0
DRV-1863,Safe Commuter,41,31961.0,12285.0,0.71,1.1,1.4,0.7,0.21,3.6,99.8,Elite Safe (Top 15%),1407.74,1012.44,395.3,28.1,0,0.0
DRV-1864,Aggressive Speedster,27,42223.0,14530.0,5.63,4.74,27.0,7.4,5.73,31.1,30.4,High Risk (Non-Standard),1687.05,2183.31,-496.26,-29.4,0,0.0
DRV-1865,Night Shift Worker,50,26232.0,14411.0,1.9,1.98,5.0,1.6,1.59,36.4,82.4,Low Risk (Preferred),1238.11,1099.83,138.28,11.2,0,0.0
DRV-1866,Low-Mileage Weekend Driver,52,31853.0,5569.0,1.13,0.63,2.1,2.1,1.08,3.0,96.9,Elite Safe (Top 15%),1404.65,941.72,462.93,33.0,0,0.0
DRV-1867,Aggressive Speedster,19,39698.0,21167.0,8.17,4.14,36.8,4.4,4.06,28.6,37.3,High Risk (Non-Standard),2674.26,3884.41,-1210.15,-45.3,0,0.0
DRV-1868,Distracted Urbanite,33,37233.0,10399.0,6.06,3.64,8.5,9.4,4.96,12.9,44.1,High Risk (Non-Standard),1554.62,1652.6,-97.98,-6.3,0,0.0
DRV-1869,Distracted Urbanite,24,23106.0,10146.0,3.66,2.52,9.1,9.6,4.22,12.4,56.5,Elevated Risk (Substandard),1539.13,1497.22,41.91,2.7,0,0.0
DRV-1870,Aggressive Speedster,24,19440.0,20529.0,6.65,4.02,37.8,4.3,6.18,15.7,39.5,High Risk (Non-Standard),1375.65,1942.12,-566.47,-41.2,0,0.0
DRV-1871,Safe Commuter,52,44634.0,10350.0,0.49,0.52,2.6,0.4,0.89,5.8,99.1,Elite Safe (Top 15%),1749.05,1210.96,538.09,30.8,0,0.0
DRV-1872,Low-Mileage Weekend Driver,60,32481.0,5839.0,1.53,0.89,3.9,1.6,0.78,7.6,94.8,Elite Safe (Top 15%),1422.59,969.25,453.34,31.9,0,0.0
DRV-1873,Distracted Urbanite,23,32838.0,11765.0,6.26,3.06,14.5,13.8,4.24,8.8,39.1,High Risk (Non-Standard),1934.19,2204.28,-270.09,-14.0,0,0.0
DRV-1874,Night Shift Worker,53,40815.0,15093.0,1.5,1.13,5.0,2.7,1.63,60.8,83.6,Low Risk (Preferred),1650.26,1473.55,176.71,10.7,0,0.0
DRV-1875,Low-Mileage Weekend Driver,41,24091.0,6467.0,0.95,0.76,5.7,1.5,0.95,6.7,95.8,Elite Safe (Top 15%),1171.46,798.93,372.53,31.8,0,0.0
DRV-1876,Safe Commuter,55,25217.0,9821.0,0.64,1.18,3.3,0.4,0.9,5.7,98.6,Elite Safe (Top 15%),1206.76,831.36,375.4,31.1,0,0.0
DRV-1877,Safe Commuter,29,29908.0,11381.0,0.88,0.72,1.4,1.1,0.48,3.1,99.8,Elite Safe (Top 15%),1348.29,949.82,398.47,29.6,0,0.0
DRV-1878,Safe Commuter,56,35821.0,10363.0,0.41,0.98,3.6,0.9,0.44,4.0,99.6,Elite Safe (Top 15%),1516.04,1044.87,471.17,31.1,0,0.0
DRV-1879,Low-Mileage Weekend Driver,59,25163.0,3882.0,0.87,0.9,2.4,1.0,1.4,6.5,97.9,Elite Safe (Top 15%),1205.08,804.26,400.82,33.3,0,0.0
DRV-1880,Safe Commuter,53,28429.0,10960.0,0.41,1.06,4.1,0.6,0.36,5.9,98.4,Elite Safe (Top 15%),1304.56,922.6,381.96,29.3,0,0.0
DRV-1881,Night Shift Worker,24,27453.0,11471.0,2.01,1.84,6.4,2.1,2.09,42.2,79.4,Low Risk (Preferred),1721.62,1460.93,260.69,15.1,1,1671.28
DRV-1882,Aggressive Speedster,21,40808.0,21698.0,7.16,5.5,22.5,9.8,6.18,17.9,28.5,High Risk (Non-Standard),2227.61,3460.61,-1233.0,-55.4,1,2623.16
DRV-1883,Low-Mileage Weekend Driver,32,33758.0,5209.0,1.15,0.73,5.3,1.8,1.49,8.0,93.4,Elite Safe (Top 15%),1458.7,994.02,464.68,31.9,0,0.0
DRV-1884,Safe Commuter,34,25606.0,9500.0,1.18,0.7,2.7,0.8,0.64,5.3,98.8,Elite Safe (Top 15%),1218.83,835.86,382.97,31.4,0,0.0
DRV-1885,Distracted Urbanite,30,38574.0,13551.0,6.44,4.28,16.6,14.2,3.99,9.1,35.5,High Risk (Non-Standard),1590.79,1945.38,-354.59,-22.3,0,0.0
DRV-1886,Safe Commuter,54,28783.0,13281.0,1.03,0.53,2.7,0.6,0.79,6.9,98.8,Elite Safe (Top 15%),1315.1,976.96,338.14,25.7,0,0.0
DRV-1887,Safe Commuter,52,33807.0,12194.0,1.36,1.19,3.4,1.6,0.56,6.8,95.7,Elite Safe (Top 15%),1460.07,1090.85,369.22,25.3,0,0.0
DRV-1888,Night Shift Worker,45,36371.0,12955.0,1.87,2.19,5.5,1.6,1.62,45.3,81.7,Low Risk (Preferred),1531.13,1321.98,209.15,13.7,0,0.0
DRV-1889,Low-Mileage Weekend Driver,54,36714.0,4509.0,2.16,1.2,4.7,1.6,0.65,8.8,90.8,Elite Safe (Top 15%),1540.5,1054.16,486.34,31.6,0,0.0
DRV-1890,Safe Commuter,46,18153.0,9323.0,0.62,0.81,1.8,1.5,0.3,4.4,98.9,Elite Safe (Top 15%),974.62,666.8,307.82,31.6,0,0.0
DRV-1891,Distracted Urbanite,22,20580.0,11257.0,4.66,3.15,16.6,12.3,4.42,9.6,42.1,High Risk (Non-Standard),1427.56,1574.36,-146.8,-10.3,0,0.0
DRV-1892,Aggressive Speedster,22,29587.0,17456.0,8.17,5.02,22.7,9.6,4.47,26.5,27.0,High Risk (Non-Standard),1807.46,2569.27,-761.81,-42.1,0,0.0
DRV-1893,Aggressive Speedster,23,41030.0,21362.0,6.89,4.61,32.0,9.3,5.97,17.4,28.6,High Risk (Non-Standard),2235.48,3445.09,-1209.61,-54.1,0,0.0
DRV-1894,Low-Mileage Weekend Driver,44,31107.0,4554.0,0.92,1.28,4.5,1.7,0.88,8.3,95.3,Elite Safe (Top 15%),1383.18,924.93,458.25,33.1,0,0.0
DRV-1895,Low-Mileage Weekend Driver,52,45377.0,5263.0,1.76,1.03,3.4,1.6,1.46,5.8,93.6,Elite Safe (Top 15%),1767.92,1204.42,563.5,31.9,1,6914.06
DRV-1896,Safe Commuter,36,26800.0,12076.0,0.63,0.62,2.8,0.4,0.63,4.8,99.7,Elite Safe (Top 15%),1255.47,899.55,355.92,28.3,0,0.0
DRV-1897,Low-Mileage Weekend Driver,57,47585.0,5845.0,1.45,1.52,4.1,2.2,0.58,4.6,93.9,Elite Safe (Top 15%),1823.37,1249.23,574.14,31.5,0,0.0
DRV-1898,Night Shift Worker,42,39047.0,13827.0,2.3,2.04,4.6,2.7,1.61,56.5,78.9,Low Risk (Preferred),1603.44,1447.57,155.87,9.7,0,0.0
DRV-1899,Night Shift Worker,55,42169.0,11682.0,2.63,1.77,4.8,2.8,1.86,63.1,77.3,Low Risk (Preferred),1685.64,1462.95,222.69,13.2,0,0.0
DRV-1900,Safe Commuter,32,31314.0,9000.0,0.96,0.51,1.3,0.5,0.58,6.2,99.2,Elite Safe (Top 15%),1389.15,945.45,443.7,31.9,0,0.0
DRV-1901,Safe Commuter,53,37745.0,11419.0,0.5,0.61,4.0,0.6,0.69,4.2,99.2,Elite Safe (Top 15%),1568.48,1112.47,456.01,29.1,0,0.0
DRV-1902,Safe Commuter,29,26701.0,9924.0,1.2,0.99,1.6,1.4,0.64,4.4,98.3,Elite Safe (Top 15%),1252.46,866.08,386.38,30.8,0,0.0
DRV-1903,Aggressive Speedster,26,26503.0,16939.0,5.6,5.35,40.4,6.8,6.0,17.5,33.9,High Risk (Non-Standard),1246.41,1677.62,-431.21,-34.6,1,2872.12
DRV-1904,Night Shift Worker,26,39692.0,14226.0,2.63,1.74,4.2,3.3,2.16,49.0,76.4,Low Risk (Preferred),1620.61,1508.11,112.5,6.9,0,0.0
DRV-1905,Aggressive Speedster,24,22542.0,18005.0,7.94,4.74,42.8,7.2,5.19,18.0,31.9,High Risk (Non-Standard),1514.6,2117.64,-603.04,-39.8,0,0.0
DRV-1906,Night Shift Worker,53,37354.0,14576.0,2.46,1.33,7.8,2.1,1.47,62.5,78.7,Low Risk (Preferred),1557.9,1433.99,123.91,8.0,0,0.0
DRV-1907,Low-Mileage Weekend Driver,43,28443.0,5516.0,2.1,1.53,4.1,1.0,0.82,8.7,91.9,Elite Safe (Top 15%),1304.98,900.95,404.03,31.0,0,0.0
DRV-1908,Low-Mileage Weekend Driver,34,24946.0,3603.0,1.83,0.88,4.7,1.6,1.18,4.9,93.3,Elite Safe (Top 15%),1198.31,821.87,376.44,31.4,0,0.0
DRV-1909,Aggressive Speedster,31,36357.0,15893.0,8.1,4.61,42.5,8.5,4.93,16.1,30.7,High Risk (Non-Standard),1530.74,2047.51,-516.77,-33.8,1,8679.3
DRV-1910,Safe Commuter,51,35213.0,12033.0,1.22,1.23,2.1,1.3,0.5,6.9,97.0,Elite Safe (Top 15%),1499.26,1102.05,397.21,26.5,0,0.0
DRV-1911,Safe Commuter,56,18727.0,12394.0,0.55,1.07,2.5,1.0,0.83,2.4,99.8,Elite Safe (Top 15%),994.55,717.04,277.51,27.9,0,0.0
DRV-1912,Safe Commuter,30,39899.0,13050.0,1.28,0.72,2.4,1.1,0.26,2.9,98.7,Elite Safe (Top 15%),1626.09,1202.97,423.12,26.0,0,0.0
DRV-1913,Night Shift Worker,55,42048.0,11951.0,1.53,1.99,6.5,2.2,2.08,60.6,80.7,Low Risk (Preferred),1682.5,1429.46,253.04,15.0,0,0.0
DRV-1914,Night Shift Worker,28,18676.0,13846.0,1.4,1.62,4.5,2.5,1.06,51.2,84.8,Low Risk (Preferred),992.78,852.24,140.54,14.2,0,0.0
DRV-1915,Safe Commuter,44,33533.0,10952.0,0.69,1.19,1.6,0.7,0.63,3.2,99.6,Elite Safe (Top 15%),1452.37,1014.97,437.4,30.1,0,0.0
DRV-1916,Safe Commuter,31,30642.0,11730.0,1.28,0.92,4.3,1.8,0.72,2.2,96.5,Elite Safe (Top 15%),1369.7,1004.59,365.11,26.7,0,0.0
DRV-1917,Aggressive Speedster,19,20187.0,15114.0,6.69,6.57,43.3,8.0,6.17,19.0,29.6,High Risk (Non-Standard),1723.06,2274.67,-551.61,-32.0,0,0.0
DRV-1918,Aggressive Speedster,30,44626.0,20680.0,7.73,5.21,23.6,6.5,5.8,30.8,31.0,High Risk (Non-Standard),1748.85,2615.46,-866.61,-49.6,0,0.0
DRV-1919,Safe Commuter,30,24833.0,9520.0,0.85,0.6,2.2,1.0,0.83,6.4,99.0,Elite Safe (Top 15%),1194.78,817.99,376.79,31.5,0,0.0
DRV-1920,Safe Commuter,40,38863.0,11671.0,1.25,1.01,3.6,1.1,0.24,5.8,97.7,Elite Safe (Top 15%),1598.52,1157.29,441.23,27.6,0,0.0
DRV-1921,Low-Mileage Weekend Driver,40,25145.0,3905.0,0.97,1.34,5.6,1.4,0.84,8.5,94.9,Elite Safe (Top 15%),1204.52,815.33,389.19,32.3,0,0.0
DRV-1922,Safe Commuter,54,42379.0,12737.0,1.28,1.11,3.0,1.8,0.21,5.6,96.6,Elite Safe (Top 15%),1691.1,1268.25,422.85,25.0,0,0.0
DRV-1923,Safe Commuter,39,37727.0,10413.0,0.65,0.94,4.1,1.8,0.3,4.0,97.7,Elite Safe (Top 15%),1567.99,1102.0,465.99,29.7,0,0.0
DRV-1924,Safe Commuter,62,29008.0,10029.0,1.08,1.13,4.1,1.6,0.55,3.5,97.5,Elite Safe (Top 15%),1321.77,922.17,399.6,30.2,0,0.0
DRV-1925,Aggressive Speedster,22,36656.0,18215.0,5.57,6.44,33.6,4.3,6.23,27.0,35.7,High Risk (Non-Standard),2077.53,2850.71,-773.18,-37.2,0,0.0
DRV-1926,Safe Commuter,36,19076.0,13207.0,0.87,0.67,2.9,0.4,0.78,5.9,99.3,Elite Safe (Top 15%),1006.55,742.77,263.78,26.2,0,0.0
DRV-1927,Low-Mileage Weekend Driver,61,19792.0,6836.0,0.83,1.6,3.1,1.8,0.8,8.8,95.4,Elite Safe (Top 15%),1030.95,707.98,322.97,31.3,0,0.0
DRV-1928,Low-Mileage Weekend Driver,33,27154.0,6520.0,1.34,0.65,2.8,1.1,0.93,3.3,98.2,Elite Safe (Top 15%),1266.23,850.03,416.2,32.9,0,0.0
DRV-1929,Safe Commuter,29,18820.0,13550.0,1.13,0.7,3.9,0.6,0.8,3.1,98.8,Elite Safe (Top 15%),997.75,745.65,252.1,25.3,0,0.0
DRV-1930,Night Shift Worker,51,26623.0,14913.0,2.69,1.9,8.0,2.6,2.14,63.0,74.3,Moderate Risk (Standard),1250.08,1202.94,47.14,3.8,0,0.0
DRV-1931,Low-Mileage Weekend Driver,59,21956.0,5504.0,1.6,1.22,2.7,1.4,1.25,8.5,93.9,Elite Safe (Top 15%),1102.88,752.32,350.56,31.8,1,7551.02
DRV-1932,Aggressive Speedster,20,25515.0,21990.0,7.59,5.04,35.1,4.2,4.54,19.6,37.1,High Risk (Non-Standard),2006.42,2970.94,-964.52,-48.1,0,0.0
DRV-1933,Distracted Urbanite,21,31993.0,10622.0,5.38,3.24,10.6,8.4,3.66,12.4,50.4,Elevated Risk (Substandard),1901.69,1953.12,-51.43,-2.7,0,0.0
DRV-1934,Low-Mileage Weekend Driver,67,23394.0,4262.0,0.88,1.73,3.1,1.8,0.81,3.4,97.0,Elite Safe (Top 15%),1149.31,764.63,384.68,33.5,0,0.0
DRV-1935,Safe Commuter,59,38533.0,9636.0,0.99,0.53,3.2,0.3,0.29,2.2,99.9,Elite Safe (Top 15%),1589.69,1080.14,509.55,32.1,0,0.0
DRV-1936,Night Shift Worker,26,43482.0,13767.0,1.56,2.14,9.0,3.5,1.02,60.3,78.2,Low Risk (Preferred),1719.58,1559.3,160.28,9.3,0,0.0
DRV-1937,Safe Commuter,43,42681.0,10749.0,0.39,0.8,2.8,0.6,0.46,3.9,100.0,Elite Safe (Top 15%),1698.92,1177.01,521.91,30.7,0,0.0
DRV-1938,Night Shift Worker,42,47205.0,11715.0,1.72,1.95,5.7,2.3,1.78,49.1,81.0,Low Risk (Preferred),1813.9,1528.24,285.66,15.7,0,0.0
DRV-1939,Safe Commuter,30,40261.0,10454.0,0.47,0.93,1.4,0.5,0.45,5.6,99.4,Elite Safe (Top 15%),1635.67,1131.96,503.71,30.8,0,0.0
DRV-1940,Distracted Urbanite,27,46759.0,11894.0,5.42,4.01,9.5,13.1,4.12,17.6,40.1,High Risk (Non-Standard),1802.74,2049.0,-246.26,-13.7,0,0.0
DRV-1941,Night Shift Worker,50,27508.0,13695.0,1.39,2.05,8.0,2.7,1.79,50.6,79.7,Low Risk (Preferred),1276.93,1141.46,135.47,10.6,0,0.0
DRV-1942,Night Shift Worker,39,31350.0,12643.0,2.48,2.17,5.2,2.1,2.17,55.8,77.5,Low Risk (Preferred),1390.19,1233.8,156.39,11.2,0,0.0
DRV-1943,Low-Mileage Weekend Driver,37,35080.0,4732.0,1.51,1.7,4.6,1.8,0.95,5.5,93.1,Elite Safe (Top 15%),1495.58,1014.27,481.31,32.2,0,0.0
DRV-1944,Safe Commuter,62,21539.0,10225.0,1.3,1.01,3.3,1.2,0.84,3.7,98.1,Elite Safe (Top 15%),1089.22,759.16,330.06,30.3,0,0.0
DRV-1945,Low-Mileage Weekend Driver,41,25901.0,5516.0,1.69,1.53,5.6,2.3,0.52,3.7,91.9,Elite Safe (Top 15%),1227.94,847.76,380.18,31.0,0,0.0
DRV-1946,Aggressive Speedster,30,33879.0,14808.0,7.98,6.92,22.6,5.0,4.0,23.8,36.8,High Risk (Non-Standard),1462.09,1832.61,-370.52,-25.3,0,0.0
DRV-1947,Low-Mileage Weekend Driver,40,36499.0,4908.0,1.58,1.45,2.5,2.3,1.4,6.5,92.3,Elite Safe (Top 15%),1534.63,1047.81,486.82,31.7,0,0.0
DRV-1948,Safe Commuter,50,40003.0,13750.0,1.3,0.97,3.6,0.9,0.81,5.5,97.8,Elite Safe (Top 15%),1628.85,1234.99,393.86,24.2,0,0.0
DRV-1949,Night Shift Worker,29,39676.0,11761.0,1.21,1.71,7.4,2.4,1.38,40.3,82.9,Low Risk (Preferred),1620.18,1344.84,275.34,17.0,0,0.0
DRV-1950,Distracted Urbanite,28,27684.0,11487.0,4.63,3.8,17.0,11.6,4.61,12.3,40.0,High Risk (Non-Standard),1282.24,1442.0,-159.76,-12.5,0,0.0
DRV-1951,Safe Commuter,37,27431.0,9210.0,1.34,1.19,3.6,0.9,0.42,6.4,96.9,Elite Safe (Top 15%),1274.61,887.02,387.59,30.4,0,0.0
DRV-1952,Safe Commuter,46,45735.0,10369.0,0.78,1.2,2.0,1.7,0.99,5.8,97.3,Elite Safe (Top 15%),1776.98,1252.34,524.64,29.5,0,0.0
DRV-1953,Safe Commuter,41,23854.0,11761.0,0.86,0.55,3.1,0.3,0.91,4.7,99.5,Elite Safe (Top 15%),1163.95,829.63,334.32,28.7,0,0.0
DRV-1954,Distracted Urbanite,32,21288.0,11016.0,6.61,3.81,15.3,11.2,4.58,10.9,37.1,High Risk (Non-Standard),1080.96,1221.29,-140.33,-13.0,0,0.0
DRV-1955,Distracted Urbanite,35,42109.0,14444.0,5.13,2.7,9.4,9.2,4.17,17.7,48.9,Elevated Risk (Substandard),1684.08,1933.58,-249.5,-14.8,0,0.0
DRV-1956,Safe Commuter,32,27444.0,10636.0,0.86,0.65,3.2,1.0,0.82,5.5,99.2,Elite Safe (Top 15%),1275.0,887.89,387.11,30.4,0,0.0
DRV-1957,Low-Mileage Weekend Driver,65,22106.0,4611.0,1.98,1.39,5.5,0.9,1.13,3.0,92.9,Elite Safe (Top 15%),1107.78,750.85,356.93,32.2,0,0.0
DRV-1958,Aggressive Speedster,29,20661.0,15565.0,6.38,5.7,26.3,7.0,4.16,25.8,30.7,High Risk (Non-Standard),1060.15,1406.38,-346.23,-32.7,0,0.0
DRV-1959,Distracted Urbanite,27,29409.0,10016.0,3.72,3.78,10.1,8.4,3.55,10.6,57.2,Elevated Risk (Substandard),1333.62,1286.42,47.2,3.5,0,0.0
DRV-1960,Night Shift Worker,54,36901.0,13652.0,2.73,2.05,8.2,3.3,1.8,49.7,73.1,Moderate Risk (Standard),1545.59,1457.09,88.5,5.7,0,0.0
DRV-1961,Low-Mileage Weekend Driver,50,37873.0,3838.0,0.96,1.66,5.0,1.3,1.47,5.0,95.0,Elite Safe (Top 15%),1571.93,1064.75,507.18,32.3,0,0.0
DRV-1962,Low-Mileage Weekend Driver,52,36032.0,5812.0,1.29,1.08,2.5,2.3,1.34,8.2,93.7,Elite Safe (Top 15%),1521.84,1043.7,478.14,31.4,0,0.0
DRV-1963,Safe Commuter,45,29741.0,11537.0,1.28,1.1,1.2,1.4,0.41,3.6,98.0,Elite Safe (Top 15%),1343.39,966.73,376.66,28.0,0,0.0
DRV-1964,Low-Mileage Weekend Driver,35,22996.0,4439.0,1.82,1.01,5.3,1.3,0.91,6.4,93.4,Elite Safe (Top 15%),1136.56,767.97,368.59,32.4,0,0.0
DRV-1965,Night Shift Worker,45,28581.0,11646.0,2.06,2.14,4.1,2.3,1.94,45.0,80.1,Low Risk (Preferred),1309.09,1109.32,199.77,15.3,0,0.0
DRV-1966,Safe Commuter,31,42039.0,11593.0,0.7,0.58,1.5,1.1,0.89,3.1,99.6,Elite Safe (Top 15%),1682.26,1193.26,489.0,29.1,0,0.0
DRV-1967,Safe Commuter,41,41740.0,11765.0,0.57,0.41,4.0,1.4,0.62,4.5,98.4,Elite Safe (Top 15%),1674.48,1206.65,467.83,27.9,0,0.0
DRV-1968,Safe Commuter,29,21936.0,10150.0,1.15,0.62,2.0,0.4,0.83,5.3,98.8,Elite Safe (Top 15%),1102.23,761.7,340.53,30.9,0,0.0
DRV-1969,Safe Commuter,33,45569.0,9383.0,0.85,1.03,3.6,0.2,0.79,4.7,99.2,Elite Safe (Top 15%),1772.78,1210.16,562.62,31.7,0,0.0
DRV-1970,Night Shift Worker,49,24080.0,11971.0,2.17,1.37,5.6,2.5,1.03,43.2,81.5,Low Risk (Preferred),1171.11,988.81,182.3,15.6,0,0.0
DRV-1971,Night Shift Worker,54,33198.0,12883.0,1.89,1.27,6.0,2.1,1.34,56.1,82.7,Low Risk (Preferred),1442.92,1233.05,209.87,14.5,0,0.0
DRV-1972,Aggressive Speedster,30,24963.0,17149.0,5.99,5.91,24.5,5.3,6.43,21.8,33.8,High Risk (Non-Standard),1198.85,1622.87,-424.02,-35.4,0,0.0
DRV-1973,Night Shift Worker,43,25499.0,12662.0,2.5,2.17,4.5,1.8,2.04,49.7,78.8,Low Risk (Preferred),1215.51,1067.75,147.76,12.2,0,0.0
DRV-1974,Night Shift Worker,54,43030.0,13617.0,2.54,1.91,4.3,2.5,1.49,57.2,79.0,Low Risk (Preferred),1707.94,1532.9,175.04,10.2,1,5705.41
DRV-1975,Night Shift Worker,24,31841.0,12341.0,1.53,1.67,6.4,2.5,2.15,42.1,80.8,Low Risk (Preferred),1895.81,1624.9,270.91,14.3,0,0.0
DRV-1976,Night Shift Worker,29,23921.0,15606.0,1.88,1.09,4.6,1.5,1.62,38.6,84.7,Low Risk (Preferred),1166.08,1043.09,122.99,10.5,0,0.0
DRV-1977,Safe Commuter,55,21527.0,11476.0,0.99,0.87,1.5,1.6,0.53,2.0,98.9,Elite Safe (Top 15%),1088.83,775.58,313.25,28.8,0,0.0
DRV-1978,Distracted Urbanite,29,36420.0,12612.0,5.53,3.35,14.5,8.1,3.81,10.0,47.9,Elevated Risk (Substandard),1532.47,1689.17,-156.7,-10.2,0,0.0
DRV-1979,Low-Mileage Weekend Driver,48,39452.0,5152.0,1.09,1.0,5.0,2.5,1.43,4.0,94.3,Elite Safe (Top 15%),1614.23,1093.52,520.71,32.3,0,0.0
DRV-1980,Safe Commuter,39,27931.0,9752.0,0.37,1.28,2.1,0.5,0.76,4.7,99.2,Elite Safe (Top 15%),1289.66,882.82,406.84,31.5,0,0.0
DRV-1981,Low-Mileage Weekend Driver,42,45345.0,3734.0,1.69,1.66,3.4,0.8,0.69,4.7,95.4,Elite Safe (Top 15%),1767.11,1197.19,569.92,32.3,0,0.0
DRV-1982,Distracted Urbanite,32,39920.0,13123.0,4.83,3.09,13.4,12.3,2.69,9.5,47.2,Elevated Risk (Substandard),1626.65,1825.75,-199.1,-12.2,0,0.0
DRV-1983,Safe Commuter,34,47000.0,9634.0,0.87,0.98,2.3,1.1,0.88,5.0,99.3,Elite Safe (Top 15%),1808.77,1235.9,572.87,31.7,0,0.0
DRV-1984,Night Shift Worker,54,32264.0,12047.0,1.2,1.28,5.1,3.4,1.74,39.3,83.0,Low Risk (Preferred),1416.4,1183.0,233.4,16.5,1,1140.11
DRV-1985,Aggressive Speedster,21,29319.0,18094.0,6.26,6.33,29.5,7.0,4.12,24.5,31.0,High Risk (Non-Standard),1796.81,2531.52,-734.71,-40.9,0,0.0
DRV-1986,Low-Mileage Weekend Driver,51,26332.0,6435.0,1.24,0.69,4.4,1.2,0.67,6.8,96.6,Elite Safe (Top 15%),1241.18,841.6,399.58,32.2,0,0.0
DRV-1987,Low-Mileage Weekend Driver,60,28971.0,5215.0,1.9,1.42,4.2,1.5,0.85,3.2,93.7,Elite Safe (Top 15%),1320.68,898.57,422.11,32.0,0,0.0
DRV-1988,Night Shift Worker,51,18320.0,12069.0,2.1,2.2,8.7,2.3,1.21,57.4,77.9,Low Risk (Preferred),980.44,855.03,125.41,12.8,0,0.0
DRV-1989,Low-Mileage Weekend Driver,32,37417.0,5552.0,1.26,1.69,5.7,1.7,0.51,4.6,94.1,Elite Safe (Top 15%),1559.61,1063.31,496.3,31.8,0,0.0
DRV-1990,Low-Mileage Weekend Driver,48,31634.0,4460.0,0.88,1.29,2.1,2.0,0.97,6.6,96.3,Elite Safe (Top 15%),1398.36,930.23,468.13,33.5,0,0.0
DRV-1991,Distracted Urbanite,38,21949.0,14037.0,3.63,2.57,16.9,8.2,4.34,16.7,51.6,Elevated Risk (Substandard),1102.66,1230.26,-127.6,-11.6,0,0.0
DRV-1992,Distracted Urbanite,22,40124.0,12217.0,5.84,3.22,16.6,9.2,4.63,14.6,40.1,High Risk (Non-Standard),2203.27,2526.46,-323.19,-14.7,0,0.0
DRV-1993,Night Shift Worker,44,30491.0,15489.0,1.47,2.18,7.6,2.2,1.02,54.9,81.8,Low Risk (Preferred),1365.31,1249.77,115.54,8.5,0,0.0
DRV-1994,Safe Commuter,40,33164.0,13125.0,0.85,1.06,1.3,0.9,0.42,3.0,99.9,Elite Safe (Top 15%),1441.96,1055.73,386.23,26.8,0,0.0
DRV-1995,Distracted Urbanite,21,20645.0,11556.0,5.35,2.77,12.7,13.7,2.72,17.3,43.3,High Risk (Non-Standard),1430.49,1578.69,-148.2,-10.4,0,0.0
DRV-1996,Safe Commuter,33,20438.0,9928.0,0.95,1.27,3.7,1.5,0.37,3.9,98.0,Elite Safe (Top 15%),1052.7,730.09,322.61,30.6,0,0.0
DRV-1997,Safe Commuter,40,30419.0,12737.0,1.11,0.68,2.3,0.7,0.42,4.8,99.3,Elite Safe (Top 15%),1363.22,995.45,367.77,27.0,0,0.0
DRV-1998,Safe Commuter,40,37255.0,9886.0,0.62,1.03,1.9,1.0,0.66,3.7,99.9,Elite Safe (Top 15%),1555.21,1058.81,496.4,31.9,0,0.0
DRV-1999,Night Shift Worker,34,42327.0,11184.0,2.54,1.46,6.7,1.9,1.84,45.4,78.6,Low Risk (Preferred),1689.75,1432.86,256.89,15.2,0,0.0
DRV-2000,Safe Commuter,60,45658.0,11758.0,1.12,0.64,2.8,0.5,0.37,3.3,99.5,Elite Safe (Top 15%),1775.03,1265.11,509.92,28.7,0,0.0
